"Kind","State","Key","English","Where"
"Code","Hard-coded","","A Palworld server is still running. Closing this window won't stop it -- MystTiq will keep managing it in the background.","src/MystTiq.Desktop/Views/ConfirmMinimizeToTrayDialog.axaml.cs:27"
"Code","Hard-coded","","A Palworld server is still running. MystTiq will keep managing it in the background -- open the tray icon to bring the window back, or to stop the server and exit.","src/MystTiq.Desktop/MainWindow.axaml.cs:250"
"Code","Hard-coded","","A Palworld server managed by MystTiq Palworld Server","src/MystTiq.Desktop/ViewModels/MainWindowViewModel.cs:383"
"Code","Hard-coded","","A process answered /healthz, but it is not a compatible MystTiq management API for this desktop build.","src/MystTiq.Desktop/Services/LocalManagementBootstrapper.cs:277"
"Code","Hard-coded","","A safe headless/API implementation is required before this action can be enabled.","src/MystTiq.Desktop/Models/EnvironmentChecklistDtos.cs:24"
"Code","Hard-coded","","A safe server-side management implementation is required before this action can be enabled.","src/MystTiq.Desktop/ViewModels/MainWindowViewModel.cs:8647"
"Code","Hard-coded","","A saved key was found. Press Connect to verify it.","src/MystTiq.Desktop/ViewModels/MainWindowViewModel.cs:9570"
"Code","Hard-coded","","above normal","src/MystTiq.Desktop/Models/HostDtos.cs:201"
"Code","Hard-coded","","Above normal","src/MystTiq.Desktop/ViewModels/MainWindowViewModel.Host.cs:37"
"Code","Hard-coded","","Actionable Online","src/MystTiq.Desktop/ViewModels/MainWindowViewModel.cs:4997"
"Code","Hard-coded","","Actionable Online","src/MystTiq.Desktop/ViewModels/MainWindowViewModel.cs:1360"
"Code","Hard-coded","","Active / Enabled","src/MystTiq.Desktop/ViewModels/MainWindowViewModel.cs:10273"
"Code","Hard-coded","","Active / Unverified","src/MystTiq.Desktop/ViewModels/MainWindowViewModel.cs:1338"
"Code","Hard-coded","","Add or repair firewall rule","src/MystTiq.Desktop/ViewModels/MainWindowViewModel.cs:4175"
"Code","Hard-coded","","Add Player","src/MystTiq.Desktop/MainWindow.axaml.cs:411"
"Code","Hard-coded","","Add Player to Guild","src/MystTiq.Desktop/ViewModels/MainWindowViewModel.cs:2198"
"Code","Hard-coded","","Add Player to Guild","src/MystTiq.Desktop/ViewModels/MainWindowViewModel.cs:2229"
"Code","Hard-coded","","Add server profile request failed with HTTP {0} {1}. {2}","src/MystTiq.Desktop/Services/MystTiqApiClient.cs:648"
"Code","Hard-coded","","Add which player to {0}?","src/MystTiq.Desktop/MainWindow.axaml.cs:411"
"Code","Hard-coded","","Added {0} to kit '{1}'. Press Save Kits to keep it.","src/MystTiq.Desktop/ViewModels/MainWindowViewModel.cs:6871"
"Code","Hard-coded","","Added {0} to the Give box.","src/MystTiq.Desktop/ViewModels/MainWindowViewModel.cs:6876"
"Code","Hard-coded","","Adding warning…","src/MystTiq.Desktop/ViewModels/MainWindowViewModel.cs:5140"
"Code","Hard-coded","","Alert rules and disk-space prediction loaded.","src/MystTiq.Desktop/ViewModels/MainWindowViewModel.cs:6332"
"Code","Hard-coded","","Alert rules saved.","src/MystTiq.Desktop/ViewModels/MainWindowViewModel.cs:6345"
"Code","Hard-coded","","Alerts are on.","src/MystTiq.Desktop/Models/AlertCenterDtos.cs:49"
"Code","Hard-coded","","Alerts unmuted.","src/MystTiq.Desktop/ViewModels/MainWindowViewModel.cs:6358"
"Code","Hard-coded","","All alerts for this server are muted until {0}. Nothing is sent until then; anything still wrong alerts when the mute ends.","src/MystTiq.Desktop/Models/AlertCenterDtos.cs:48"
"Code","Hard-coded","","All Bases","src/MystTiq.Desktop/ViewModels/MainWindowViewModel.cs:185"
"Code","Hard-coded","","All Bases","src/MystTiq.Desktop/ViewModels/MainWindowViewModel.cs:2195"
"Code","Hard-coded","","All Bases","src/MystTiq.Desktop/ViewModels/MainWindowViewModel.cs:1362"
"Code","Hard-coded","","All Categories","src/MystTiq.Desktop/ViewModels/MainWindowViewModel.cs:7966"
"Code","Hard-coded","","All Categories","src/MystTiq.Desktop/ViewModels/MainWindowViewModel.cs:369"
"Code","Hard-coded","","All Categories","src/MystTiq.Desktop/ViewModels/MainWindowViewModel.cs:7969"
"Code","Hard-coded","","All Categories","src/MystTiq.Desktop/ViewModels/MainWindowViewModel.cs:2877"
"Code","Hard-coded","","All Categories","src/MystTiq.Desktop/ViewModels/MainWindowViewModel.cs:1357"
"Code","Hard-coded","","All Categories","src/MystTiq.Desktop/ViewModels/MainWindowViewModel.cs:7973"
"Code","Hard-coded","","All Guilds","src/MystTiq.Desktop/ViewModels/MainWindowViewModel.cs:1361"
"Code","Hard-coded","","All Guilds","src/MystTiq.Desktop/ViewModels/MainWindowViewModel.cs:2193"
"Code","Hard-coded","","All Guilds","src/MystTiq.Desktop/ViewModels/MainWindowViewModel.cs:183"
"Code","Hard-coded","","All Players","src/MystTiq.Desktop/ViewModels/MainWindowViewModel.cs:1401"
"Code","Hard-coded","","All Players","src/MystTiq.Desktop/ViewModels/MainWindowViewModel.cs:166"
"Code","Hard-coded","","All Players","src/MystTiq.Desktop/ViewModels/MainWindowViewModel.cs:1359"
"Code","Hard-coded","","All Records","src/MystTiq.Desktop/ViewModels/MainWindowViewModel.cs:1360"
"Code","Hard-coded","","All Records","src/MystTiq.Desktop/ViewModels/MainWindowViewModel.cs:167"
"Code","Hard-coded","","All Records","src/MystTiq.Desktop/ViewModels/MainWindowViewModel.cs:1407"
"Code","Hard-coded","","all servers","src/MystTiq.Desktop/Models/RbacDtos.cs:27"
"Code","Hard-coded","","All stages passed.","src/MystTiq.Desktop/ViewModels/MainWindowViewModel.cs:3160"
"Code","Hard-coded","","Already reported in an earlier analysis.","src/MystTiq.Desktop/Models/CrashAndSaveToolsDtos.cs:30"
"Code","Hard-coded","","Analyze an archive to create a reviewable plan.","src/MystTiq.Desktop/ViewModels/MainWindowViewModel.cs:152"
"Code","Hard-coded","","Analyze crashes","src/MystTiq.Desktop/ViewModels/MainWindowViewModel.cs:4237"
"Code","Hard-coded","","Analyze world or player recovery ZIP on the managed server","src/MystTiq.Desktop/MainWindow.axaml.cs:751"
"Code","Hard-coded","","Analyzing bounded recent-log evidence…","src/MystTiq.Desktop/ViewModels/MainWindowViewModel.cs:7180"
"Code","Hard-coded","","Another open tab is already connected to this same install ({0}) — you may be looking at the same server twice.","src/MystTiq.Desktop/ViewModels/MainWindowViewModel.cs:3888"
"Code","Hard-coded","","Anti-cheat rules loaded. {0} recent finding(s).","src/MystTiq.Desktop/ViewModels/MainWindowViewModel.cs:6997"
"Code","Hard-coded","","Anti-cheat rules saved.","src/MystTiq.Desktop/ViewModels/MainWindowViewModel.cs:7010"
"Code","Hard-coded","","Applying a {0}-hour temporary ban to {1}…","src/MystTiq.Desktop/ViewModels/MainWindowViewModel.cs:7549"
"Code","Hard-coded","","Applying migration…","src/MystTiq.Desktop/ViewModels/MainWindowViewModel.cs:5091"
"Code","Hard-coded","","Applying world transaction…","src/MystTiq.Desktop/ViewModels/MainWindowViewModel.cs:8956"
"Code","Hard-coded","","Artwork/page-art-{0}-{(light ? ","src/MystTiq.Desktop/Services/ArtworkCatalog.cs:30"
"Code","Hard-coded","","Asking Nexus for a download link…","src/MystTiq.Desktop/ViewModels/MainWindowViewModel.cs:9723"
"Code","Hard-coded","","Asking the server's PalDefender (version command over RCON)…","src/MystTiq.Desktop/ViewModels/MainWindowViewModel.cs:6645"
"Code","Hard-coded","","Assign new pages an artwork category.","src/MystTiq.Desktop/Services/ArtworkCatalog.cs:26"
"Code","Hard-coded","","ATTENTION REQUIRED","src/MystTiq.Desktop/ViewModels/MainWindowViewModel.cs:3003"
"Code","Hard-coded","","Authentication required","src/MystTiq.Desktop/ViewModels/MainWindowViewModel.cs:4872"
"Code","Hard-coded","","Authentication required","src/MystTiq.Desktop/ViewModels/MainWindowViewModel.cs:4626"
"Code","Hard-coded","","Authentication supplied: {(!string.IsNullOrWhiteSpace(BearerToken) ? ","src/MystTiq.Desktop/ViewModels/MainWindowViewModel.cs:3078"
"Code","Hard-coded","","Authentication: {(config.AuthenticationEnabled ? ","src/MystTiq.Desktop/ViewModels/MainWindowViewModel.cs:8420"
"Code","Hard-coded","","Auto-gift has been on since {0}. Only players MystTiq first saw after that are gifted, once each.","src/MystTiq.Desktop/ViewModels/MainWindowViewModel.cs:6568"
"Code","Hard-coded","","Auto-gift is off. When on, only players MystTiq first sees after you turn it on are gifted, once each. Existing players are never gifted.","src/MystTiq.Desktop/ViewModels/MainWindowViewModel.cs:6569"
"Code","Hard-coded","","Automatic restart failed: {0}","src/MystTiq.Desktop/ViewModels/MainWindowViewModel.cs:7084"
"Code","Hard-coded","","BACKEND REQUIRED","src/MystTiq.Desktop/ViewModels/MainWindowViewModel.cs:8645"
"Code","Hard-coded","","BACKEND REQUIRED","src/MystTiq.Desktop/Models/EnvironmentChecklistDtos.cs:23"
"Code","Hard-coded","","Background: {0}","src/MystTiq.Desktop/ViewModels/MainWindowViewModel.cs:1946"
"Code","Hard-coded","","Background: {0}","src/MystTiq.Desktop/ViewModels/MainWindowViewModel.cs:2010"
"Code","Hard-coded","","Background: plain coordinate grid (the saved image could not be loaded).","src/MystTiq.Desktop/ViewModels/MainWindowViewModel.cs:2015"
"Code","Hard-coded","","Background: plain coordinate grid.","src/MystTiq.Desktop/ViewModels/MainWindowViewModel.cs:206"
"Code","Hard-coded","","Background: plain coordinate grid.","src/MystTiq.Desktop/ViewModels/MainWindowViewModel.cs:1963"
"Code","Hard-coded","","Background: plain coordinate grid.","src/MystTiq.Desktop/ViewModels/MainWindowViewModel.cs:2004"
"Code","Hard-coded","","Backup All","src/MystTiq.Desktop/ViewModels/MainWindowViewModel.cs:7174"
"Code","Hard-coded","","Backup root","src/MystTiq.Desktop/ViewModels/MainWindowViewModel.cs:3091"
"Code","Hard-coded","","Backup root: {0}","src/MystTiq.Desktop/ViewModels/MainWindowViewModel.cs:3081"
"Code","Hard-coded","","Backup: —","src/MystTiq.Desktop/ViewModels/MainWindowViewModel.cs:269"
"Code","Hard-coded","","Backup: —","src/MystTiq.Desktop/ViewModels/MainWindowViewModel.cs:273"
"Code","Hard-coded","","Backup: {0} ago{(latestBackup.Verified ? ","src/MystTiq.Desktop/ViewModels/MainWindowViewModel.cs:5771"
"Code","Hard-coded","","Backup: {0} available","src/MystTiq.Desktop/ViewModels/MainWindowViewModel.cs:5767"
"Code","Hard-coded","","Backup: {0} available","src/MystTiq.Desktop/ViewModels/MainWindowViewModel.cs:4670"
"Code","Hard-coded","","Backup: none","src/MystTiq.Desktop/ViewModels/MainWindowViewModel.cs:5767"
"Code","Hard-coded","","Backup: none","src/MystTiq.Desktop/ViewModels/MainWindowViewModel.cs:4670"
"Code","Hard-coded","","Backup: none detected","src/MystTiq.Desktop/ViewModels/MainWindowViewModel.cs:5770"
"Code","Hard-coded","","Bahnschrift, Segoe UI Variable Display","src/MystTiq.Desktop/Services/Localizer.cs:57"
"Code","Hard-coded","","Bahnschrift, Segoe UI Variable Text","src/MystTiq.Desktop/Services/Localizer.cs:58"
"Code","Hard-coded","","Balanced QoL","src/MystTiq.Desktop/ViewModels/MainWindowViewModel.cs:370"
"Code","Hard-coded","","Balanced QoL","src/MystTiq.Desktop/ViewModels/MainWindowViewModel.cs:371"
"Code","Hard-coded","","Balanced QoL","src/MystTiq.Desktop/ViewModels/MainWindowViewModel.cs:8138"
"Code","Hard-coded","","Balanced QoL","src/MystTiq.Desktop/ViewModels/MainWindowViewModel.cs:8263"
"Code","Hard-coded","","Ban list request failed with HTTP {0} {1}.","src/MystTiq.Desktop/Services/MystTiqApiClient.cs:280"
"Code","Hard-coded","","Base Decay Rate","src/MystTiq.Desktop/ViewModels/MainWindowViewModel.cs:8012"
"Code","Hard-coded","","Base ID: {0} Guild: {1} ({2}) Leader: {3} ({4}) Health: {5} Evidence: {6}","src/MystTiq.Desktop/MainWindow.axaml.cs:402"
"Code","Hard-coded","","Base locations unavailable: {0}","src/MystTiq.Desktop/ViewModels/MainWindowViewModel.cs:5573"
"Code","Hard-coded","","Base Workers (per base)","src/MystTiq.Desktop/ViewModels/MainWindowViewModel.cs:8040"
"Code","Hard-coded","","Bases per Guild","src/MystTiq.Desktop/ViewModels/MainWindowViewModel.cs:8040"
"Code","Hard-coded","","Bearer token is process-memory-only and is never written to the profile file.","src/MystTiq.Desktop/ViewModels/MainWindowViewModel.cs:696"
"Code","Hard-coded","","below normal","src/MystTiq.Desktop/Models/HostDtos.cs:200"
"Code","Hard-coded","","Below normal","src/MystTiq.Desktop/ViewModels/MainWindowViewModel.Host.cs:37"
"Code","Hard-coded","","Binding: {report.BindingDisplay ?? ","src/MystTiq.Desktop/ViewModels/MainWindowViewModel.cs:3134"
"Code","Hard-coded","","Broadcast Server maintenance message","src/MystTiq.Desktop/ViewModels/MainWindowViewModel.cs:1286"
"Code","Hard-coded","","Bulk state change failed","src/MystTiq.Desktop/ViewModels/MainWindowViewModel.cs:9790"
"Code","Hard-coded","","busiest upload {0}","src/MystTiq.Desktop/ViewModels/MainWindowViewModel.HostHistory.cs:41"
"Code","Hard-coded","","Cancelled.","src/MystTiq.Desktop/Services/NexusModsClient.cs:136"
"Code","Hard-coded","","Cannot delete '{0}' -- it is open in another tab. Close that tab first.","src/MystTiq.Desktop/ViewModels/MainWindowViewModel.cs:4476"
"Code","Hard-coded","","Cannot deliver: ","src/MystTiq.Desktop/ViewModels/MainWindowViewModel.cs:6571"
"Code","Hard-coded","","Check manually","src/MystTiq.Desktop/Models/ComponentVersionDto.cs:24"
"Code","Hard-coded","","Check this machine's own outbound firewall/network, and any firewall between here and the server.","src/MystTiq.Desktop/Services/LocalDiagnosticsService.cs:211"
"Code","Hard-coded","","Checked ","src/MystTiq.Desktop/ViewModels/MainWindowViewModel.cs:3213"
"Code","Hard-coded","","Checked {0}.","src/MystTiq.Desktop/ViewModels/MainWindowViewModel.cs:9376"
"Code","Hard-coded","","Checked: {0}","src/MystTiq.Desktop/ViewModels/MainWindowViewModel.cs:7713"
"Code","Hard-coded","","Checking for an update…","src/MystTiq.Desktop/ViewModels/MainWindowViewModel.cs:9845"
"Code","Hard-coded","","Checking GitHub for release data…","src/MystTiq.Desktop/ViewModels/MainWindowViewModel.cs:9366"
"Code","Hard-coded","","Checking the configured server directory…","src/MystTiq.Desktop/ViewModels/MainWindowViewModel.cs:3580"
"Code","Hard-coded","","Checking the key with Nexus Mods…","src/MystTiq.Desktop/ViewModels/MainWindowViewModel.cs:9611"
"Code","Hard-coded","","Choose a connection profile or configure a secured remote MystTiq service.","src/MystTiq.Desktop/ViewModels/MainWindowViewModel.cs:62"
"Code","Hard-coded","","Choose whether this server runs on this machine or elsewhere.","src/MystTiq.Desktop/ViewModels/MainWindowViewModel.cs:3453"
"Code","Hard-coded","","Claim Guild","src/MystTiq.Desktop/MainWindow.axaml.cs:417"
"Code","Hard-coded","","Claim Orphaned Guild","src/MystTiq.Desktop/ViewModels/MainWindowViewModel.cs:2198"
"Code","Hard-coded","","Claim Orphaned Guild","src/MystTiq.Desktop/ViewModels/MainWindowViewModel.cs:188"
"Code","Hard-coded","","Claim Orphaned Guild","src/MystTiq.Desktop/ViewModels/MainWindowViewModel.cs:2204"
"Code","Hard-coded","","Clear console view","src/MystTiq.Desktop/ViewModels/MainWindowViewModel.cs:4048"
"Code","Hard-coded","","Cleared {0}'s kit claims, so auto-gift can give them the kit again if they qualify.","src/MystTiq.Desktop/ViewModels/MainWindowViewModel.cs:6928"
"Code","Hard-coded","","Click Refresh to load active temporary bans.","src/MystTiq.Desktop/ViewModels/MainWindowViewModel.cs:366"
"Code","Hard-coded","","Click Refresh to load the RCON ban list.","src/MystTiq.Desktop/ViewModels/MainWindowViewModel.cs:346"
"Code","Hard-coded","","Click Refresh to load the whitelist.","src/MystTiq.Desktop/ViewModels/MainWindowViewModel.cs:321"
"Code","Hard-coded","","Cloned and connected to the new profile '{0}'.","src/MystTiq.Desktop/ViewModels/MainWindowViewModel.cs:7146"
"Code","Hard-coded","","Cloned. Restarting the local MystTiq service to bring the new server online…","src/MystTiq.Desktop/ViewModels/MainWindowViewModel.cs:7129"
"Code","Hard-coded","","Clones this connection's server (binaries + world) into a new profile. Requires the source server to be stopped.","src/MystTiq.Desktop/ViewModels/MainWindowViewModel.cs:336"
"Code","Hard-coded","","Cloning… this copies the entire server installation and can take a while.","src/MystTiq.Desktop/ViewModels/MainWindowViewModel.cs:7107"
"Code","Hard-coded","","Cloning… this copies the entire server installation and can take a while.","src/MystTiq.Desktop/ViewModels/MainWindowViewModel.cs:7035"
"Code","Hard-coded","","Command complete","src/MystTiq.Desktop/ViewModels/MainWindowViewModel.cs:5711"
"Code","Hard-coded","","Command failed","src/MystTiq.Desktop/ViewModels/MainWindowViewModel.cs:5711"
"Code","Hard-coded","","Compatible MystTiq management API became reachable while bootstrap was waiting ({existing.Version ?? ","src/MystTiq.Desktop/Services/LocalManagementBootstrapper.cs:73"
"Code","Hard-coded","","Compatible MystTiq management API is already reachable ({existing.Version ?? ","src/MystTiq.Desktop/Services/LocalManagementBootstrapper.cs:55"
"Code","Hard-coded","","Compatible MystTiq management API.","src/MystTiq.Desktop/Services/LocalManagementBootstrapper.cs:276"
"Code","Hard-coded","","Configuration error","src/MystTiq.Desktop/ViewModels/MainWindowViewModel.cs:4634"
"Code","Hard-coded","","CONFIGURATION LOADED","src/MystTiq.Desktop/ViewModels/MainWindowViewModel.cs:3002"
"Code","Hard-coded","","Configuration values pass client-side validation.","src/MystTiq.Desktop/ViewModels/MainWindowViewModel.cs:8119"
"Code","Hard-coded","","Configured game port: UDP {0}","src/MystTiq.Desktop/ViewModels/MainWindowViewModel.cs:3133"
"Code","Hard-coded","","Confirm Install","src/MystTiq.Desktop/Services/RibbonIcons.cs:75"
"Code","Hard-coded","","Confirm Install","src/MystTiq.Desktop/ViewModels/MainWindowViewModel.cs:4105"
"Code","Hard-coded","","Confirm the hostname is correct and this machine has working DNS/internet access.","src/MystTiq.Desktop/Services/LocalDiagnosticsService.cs:50"
"Code","Hard-coded","","Confirm the server is running and listening on the configured port, and that no firewall on the server is blocking it.","src/MystTiq.Desktop/Services/LocalDiagnosticsService.cs:210"
"Code","Hard-coded","","CONFIRMATION REQUIRED","src/MystTiq.Desktop/ViewModels/MainWindowViewModel.cs:8550"
"Code","Hard-coded","","Connect to {0}","src/MystTiq.Desktop/MainWindow.axaml.cs:194"
"Code","Hard-coded","","Connect to a MystTiq service to begin monitoring.","src/MystTiq.Desktop/ViewModels/MainWindowViewModel.cs:77"
"Code","Hard-coded","","Connect to a MystTiq service, then run Doctor.","src/MystTiq.Desktop/ViewModels/MainWindowViewModel.cs:120"
"Code","Hard-coded","","Connect to discover live and saved player records.","src/MystTiq.Desktop/ViewModels/MainWindowViewModel.cs:170"
"Code","Hard-coded","","Connect to explore player and guild identities.","src/MystTiq.Desktop/ViewModels/MainWindowViewModel.cs:157"
"Code","Hard-coded","","Connect to inspect Palworld save data.","src/MystTiq.Desktop/ViewModels/MainWindowViewModel.cs:135"
"Code","Hard-coded","","Connect to inspect Palworld server installation.","src/MystTiq.Desktop/ViewModels/MainWindowViewModel.cs:126"
"Code","Hard-coded","","Connect to load backup inventory.","src/MystTiq.Desktop/ViewModels/MainWindowViewModel.cs:93"
"Code","Hard-coded","","Connect to Local Server","src/MystTiq.Desktop/MainWindow.axaml.cs:180"
"Code","Hard-coded","","Connect to Remote Server","src/MystTiq.Desktop/MainWindow.axaml.cs:184"
"Code","Hard-coded","","Connect to scan MODs.","src/MystTiq.Desktop/ViewModels/MainWindowViewModel.cs:215"
"Code","Hard-coded","","Connect with your API key first.","src/MystTiq.Desktop/ViewModels/MainWindowViewModel.cs:9671"
"Code","Hard-coded","","Connect with your API key first.","src/MystTiq.Desktop/ViewModels/MainWindowViewModel.cs:9690"
"Code","Hard-coded","","Connect with your API key first.","src/MystTiq.Desktop/ViewModels/MainWindowViewModel.cs:9651"
"Code","Hard-coded","","Connect with your API key first.","src/MystTiq.Desktop/ViewModels/MainWindowViewModel.cs:9721"
"Code","Hard-coded","","Connected — {0}","src/MystTiq.Desktop/ViewModels/MainWindowViewModel.cs:2470"
"Code","Hard-coded","","Connected — {0} — {1} player(s)","src/MystTiq.Desktop/ViewModels/MainWindowViewModel.cs:4753"
"Code","Hard-coded","","Connected as {0}{(result.Value.IsPremium ? ","src/MystTiq.Desktop/ViewModels/MainWindowViewModel.cs:9620"
"Code","Hard-coded","","Connected to MystTiq {0} ({1}) at {2}.","src/MystTiq.Desktop/ViewModels/MainWindowViewModel.cs:4817"
"Code","Hard-coded","","Connected to the new profile '{0}'.","src/MystTiq.Desktop/ViewModels/MainWindowViewModel.cs:3705"
"Code","Hard-coded","","Connected. Load a list below, or look up a mod by id or page URL.","src/MystTiq.Desktop/ViewModels/MainWindowViewModel.cs:9621"
"Code","Hard-coded","","Connecting to a remote MystTiq server.","src/MystTiq.Desktop/ViewModels/MainWindowViewModel.cs:3827"
"Code","Hard-coded","","Connecting to an already-running local server.","src/MystTiq.Desktop/ViewModels/MainWindowViewModel.cs:3819"
"Code","Hard-coded","","Connecting to the local MystTiq management backend…","src/MystTiq.Desktop/ViewModels/MainWindowViewModel.cs:10067"
"Code","Hard-coded","","Connection established.","src/MystTiq.Desktop/Services/LocalDiagnosticsService.cs:63"
"Code","Hard-coded","","Connection failed","src/MystTiq.Desktop/ViewModels/MainWindowViewModel.cs:4869"
"Code","Hard-coded","","Connection failed","src/MystTiq.Desktop/ViewModels/TabSession.cs:132"
"Code","Hard-coded","","Connection failed","src/MystTiq.Desktop/ViewModels/MainWindowViewModel.cs:4426"
"Code","Hard-coded","","Connection profile '{0}' deleted.","src/MystTiq.Desktop/ViewModels/MainWindowViewModel.cs:4484"
"Code","Hard-coded","","Connection profile '{0}' saved.","src/MystTiq.Desktop/ViewModels/MainWindowViewModel.cs:3435"
"Code","Hard-coded","","Connection to {0}:{1} failed: {2}.","src/MystTiq.Desktop/Services/LocalDiagnosticsService.cs:203"
"Code","Hard-coded","","Connection to {0}:{1} timed out -- the host may be unreachable, or a firewall is silently dropping the packets.","src/MystTiq.Desktop/Services/LocalDiagnosticsService.cs:201"
"Code","Hard-coded","","Connection to {0}:{1} timed out.","src/MystTiq.Desktop/Services/LocalDiagnosticsService.cs:204"
"Code","Hard-coded","","Connection to {0}:{1} was actively refused -- nothing is listening on that port, or a firewall rejected it.","src/MystTiq.Desktop/Services/LocalDiagnosticsService.cs:200"
"Code","Hard-coded","","Connection: {0}","src/MystTiq.Desktop/ViewModels/MainWindowViewModel.cs:3077"
"Code","Hard-coded","","Controlled restart completed; network diagnostics were re-run automatically.","src/MystTiq.Desktop/ViewModels/MainWindowViewModel.cs:3174"
"Code","Hard-coded","","Controlled restart did not complete successfully.","src/MystTiq.Desktop/ViewModels/MainWindowViewModel.cs:3175"
"Code","Hard-coded","","Controls carried-item weight.","src/MystTiq.Desktop/ViewModels/MainWindowViewModel.cs:8025"
"Code","Hard-coded","","Controls damage dealt by players.","src/MystTiq.Desktop/ViewModels/MainWindowViewModel.cs:8013"
"Code","Hard-coded","","Controls damage received by players.","src/MystTiq.Desktop/ViewModels/MainWindowViewModel.cs:8014"
"Code","Hard-coded","","Controls experience earned by players and Pals.","src/MystTiq.Desktop/ViewModels/MainWindowViewModel.cs:8008"
"Code","Hard-coded","","Controls how easily Pals are captured.","src/MystTiq.Desktop/ViewModels/MainWindowViewModel.cs:8009"
"Code","Hard-coded","","Controls how many Pals spawn in the world.","src/MystTiq.Desktop/ViewModels/MainWindowViewModel.cs:8010"
"Code","Hard-coded","","Controls how quickly base structures deteriorate.","src/MystTiq.Desktop/ViewModels/MainWindowViewModel.cs:8012"
"Code","Hard-coded","","Controls how quickly base tasks are completed.","src/MystTiq.Desktop/ViewModels/MainWindowViewModel.cs:8023"
"Code","Hard-coded","","Controls how quickly collection objects return.","src/MystTiq.Desktop/ViewModels/MainWindowViewModel.cs:8022"
"Code","Hard-coded","","Controls how quickly daylight passes.","src/MystTiq.Desktop/ViewModels/MainWindowViewModel.cs:8006"
"Code","Hard-coded","","Controls how quickly equipment durability drops.","src/MystTiq.Desktop/ViewModels/MainWindowViewModel.cs:8029"
"Code","Hard-coded","","Controls how quickly items degrade.","src/MystTiq.Desktop/ViewModels/MainWindowViewModel.cs:8028"
"Code","Hard-coded","","Controls how quickly nighttime passes.","src/MystTiq.Desktop/ViewModels/MainWindowViewModel.cs:8007"
"Code","Hard-coded","","Controls how quickly Pal hunger depletes.","src/MystTiq.Desktop/ViewModels/MainWindowViewModel.cs:8018"
"Code","Hard-coded","","Controls how quickly Pal stamina depletes.","src/MystTiq.Desktop/ViewModels/MainWindowViewModel.cs:8019"
"Code","Hard-coded","","Controls how quickly player hunger depletes.","src/MystTiq.Desktop/ViewModels/MainWindowViewModel.cs:8015"
"Code","Hard-coded","","Controls how quickly player stamina depletes.","src/MystTiq.Desktop/ViewModels/MainWindowViewModel.cs:8016"
"Code","Hard-coded","","Controls how quickly ranch-type Pals produce.","src/MystTiq.Desktop/ViewModels/MainWindowViewModel.cs:8024"
"Code","Hard-coded","","Copy {0}'s data onto {1}?","src/MystTiq.Desktop/Views/ConfirmCopyPlayerDialog.axaml.cs:18"
"Code","Hard-coded","","Copy data onto {0} from which player?","src/MystTiq.Desktop/MainWindow.axaml.cs:339"
"Code","Hard-coded","","Core Server","src/MystTiq.Desktop/ViewModels/MainWindowViewModel.cs:8753"
"Code","Hard-coded","","Could not open the browser: {0}","src/MystTiq.Desktop/ViewModels/MainWindowViewModel.cs:9762"
"Code","Hard-coded","","Could not reach GitHub: {0}","src/MystTiq.Desktop/ViewModels/MainWindowViewModel.cs:9380"
"Code","Hard-coded","","Could not reach Nexus Mods: {0}","src/MystTiq.Desktop/Services/NexusModsClient.cs:137"
"Code","Hard-coded","","Could not resolve '{0}': {1}.","src/MystTiq.Desktop/Services/LocalDiagnosticsService.cs:49"
"Code","Hard-coded","","CPU history collecting…","src/MystTiq.Desktop/ViewModels/MainWindowViewModel.cs:5887"
"Code","Hard-coded","","CPU history collecting…","src/MystTiq.Desktop/ViewModels/MainWindowViewModel.cs:393"
"Code","Hard-coded","","Crash Analyzer","src/MystTiq.Desktop/ViewModels/MainWindowViewModel.cs:4234"
"Code","Hard-coded","","Crash detected","src/MystTiq.Desktop/Models/FleetDtos.cs:19"
"Code","Hard-coded","","Crash detected","src/MystTiq.Desktop/ViewModels/MainWindowViewModel.cs:10229"
"Code","Hard-coded","","Crash evidence detected; open Doctor.","src/MystTiq.Desktop/ViewModels/MainWindowViewModel.cs:10254"
"Code","Hard-coded","","Create backup","src/MystTiq.Desktop/ViewModels/MainWindowViewModel.cs:4063"
"Code","Hard-coded","","Create backup","src/MystTiq.Desktop/ViewModels/MainWindowViewModel.cs:4014"
"Code","Hard-coded","","Create Backup Folder","src/MystTiq.Desktop/Models/DiagnosticFindingDtos.cs:45"
"Code","Hard-coded","","Create Nightly Backup Rule","src/MystTiq.Desktop/Models/DiagnosticFindingDtos.cs:44"
"Code","Hard-coded","","Create redacted MystTiq support package","src/MystTiq.Desktop/MainWindow.axaml.cs:513"
"Code","Hard-coded","","Created principal '{0}'. Copy the token now — it will not be shown again.","src/MystTiq.Desktop/ViewModels/MainWindowViewModel.cs:6302"
"Code","Hard-coded","","Created rule '{0}'.","src/MystTiq.Desktop/ViewModels/MainWindowViewModel.cs:6039"
"Code","Hard-coded","","Creating backup…","src/MystTiq.Desktop/ViewModels/MainWindowViewModel.cs:7753"
"Code","Hard-coded","","Creating first-run Palworld settings","src/MystTiq.Desktop/ViewModels/MainWindowViewModel.cs:8569"
"Code","Hard-coded","","Daily at {0} UTC ({1})","src/MystTiq.Desktop/Models/AutomationDtos.cs:49"
"Code","Hard-coded","","Dashboard backup load: {0}","src/MystTiq.Desktop/ViewModels/MainWindowViewModel.cs:4672"
"Code","Hard-coded","","Dashboard diagnostics load: {0}","src/MystTiq.Desktop/ViewModels/MainWindowViewModel.cs:4716"
"Code","Hard-coded","","Dashboard identity load: {0}","src/MystTiq.Desktop/ViewModels/MainWindowViewModel.cs:4694"
"Code","Hard-coded","","Dashboard MOD load: {0}","src/MystTiq.Desktop/ViewModels/MainWindowViewModel.cs:4724"
"Code","Hard-coded","","Dashboard world load: {0}","src/MystTiq.Desktop/ViewModels/MainWindowViewModel.cs:4685"
"Code","Hard-coded","","Day — • --:--","src/MystTiq.Desktop/ViewModels/MainWindowViewModel.cs:5760"
"Code","Hard-coded","","Day — • --:--","src/MystTiq.Desktop/ViewModels/MainWindowViewModel.cs:266"
"Code","Hard-coded","","Day — • --:--","src/MystTiq.Desktop/ViewModels/MainWindowViewModel.cs:5735"
"Code","Hard-coded","","Day {0} • {world.WorldTimeText ?? ","src/MystTiq.Desktop/ViewModels/MainWindowViewModel.cs:5734"
"Code","Hard-coded","","Daytime Speed","src/MystTiq.Desktop/ViewModels/MainWindowViewModel.cs:8006"
"Code","Hard-coded","","Decoded GroupSaveDataMap guild base_ids ownership reference for {0} ({1}).","src/MystTiq.Desktop/ViewModels/MainWindowViewModel.cs:9233"
"Code","Hard-coded","","Decoded guild semantics available","src/MystTiq.Desktop/ViewModels/MainWindowViewModel.cs:9256"
"Code","Hard-coded","","Decoded Level.sav JSON unavailable — MystTiq will not estimate the day","src/MystTiq.Desktop/ViewModels/MainWindowViewModel.cs:5738"
"Code","Hard-coded","","Default {0}","src/MystTiq.Desktop/Models/PalworldConfigurationDtos.cs:155"
"Code","Hard-coded","","Default Server Settings","src/MystTiq.Desktop/ViewModels/MainWindowViewModel.cs:8651"
"Code","Hard-coded","","Default server settings created","src/MystTiq.Desktop/ViewModels/MainWindowViewModel.cs:8588"
"Code","Hard-coded","","Default settings were not created","src/MystTiq.Desktop/ViewModels/MainWindowViewModel.cs:8604"
"Code","Hard-coded","","Default settings were not created","src/MystTiq.Desktop/ViewModels/MainWindowViewModel.cs:8588"
"Code","Hard-coded","","Delete {0}'s save?","src/MystTiq.Desktop/Views/ConfirmDeletePlayerDialog.axaml.cs:22"
"Code","Hard-coded","","Delete failed","src/MystTiq.Desktop/ViewModels/MainWindowViewModel.cs:9768"
"Code","Hard-coded","","Deleted rule '{0}'.","src/MystTiq.Desktop/ViewModels/MainWindowViewModel.cs:6078"
"Code","Hard-coded","","Density applied, but it could not be remembered: ","src/MystTiq.Desktop/ViewModels/MainWindowViewModel.cs:1185"
"Code","Hard-coded","","Desktop: {0}","src/MystTiq.Desktop/ViewModels/MainWindowViewModel.cs:3076"
"Code","Hard-coded","","Detect Instances","src/MystTiq.Desktop/ViewModels/MainWindowViewModel.cs:4121"
"Code","Hard-coded","","Detect Instances","src/MystTiq.Desktop/Services/RibbonIcons.cs:79"
"Code","Hard-coded","","Diagnose a connection profile to see staged DNS/TCP/TLS/HTTP results.","src/MystTiq.Desktop/ViewModels/MainWindowViewModel.cs:240"
"Code","Hard-coded","","Diagnose which MOD is crashing or hanging startup","src/MystTiq.Desktop/ViewModels/MainWindowViewModel.cs:4095"
"Code","Hard-coded","","Diagnostic report exported: {0}","src/MystTiq.Desktop/ViewModels/MainWindowViewModel.cs:7715"
"Code","Hard-coded","","Disable All","src/MystTiq.Desktop/ViewModels/MainWindowViewModel.cs:4093"
"Code","Hard-coded","","Disable All","src/MystTiq.Desktop/Services/RibbonIcons.cs:75"
"Code","Hard-coded","","Disable all MODs","src/MystTiq.Desktop/ViewModels/MainWindowViewModel.cs:4093"
"Code","Hard-coded","","Discord bot configuration loaded. Connection: {0}.","src/MystTiq.Desktop/ViewModels/MainWindowViewModel.cs:6412"
"Code","Hard-coded","","Discord bot configuration saved.","src/MystTiq.Desktop/ViewModels/MainWindowViewModel.cs:6439"
"Code","Hard-coded","","Discover player saves","src/MystTiq.Desktop/ViewModels/MainWindowViewModel.cs:4166"
"Code","Hard-coded","","Discover Saves","src/MystTiq.Desktop/Services/RibbonIcons.cs:79"
"Code","Hard-coded","","Discover Saves","src/MystTiq.Desktop/ViewModels/MainWindowViewModel.cs:4166"
"Code","Hard-coded","","Discovered local MystTiq service at {0}. Local loopback service does not require remote credentials; connecting automatically.","src/MystTiq.Desktop/ViewModels/MainWindowViewModel.cs:1558"
"Code","Hard-coded","","Discovered MystTiq service at {0}. Enter the bearer token/certificate pin if the remote service requires them, then Connect.","src/MystTiq.Desktop/ViewModels/MainWindowViewModel.cs:1559"
"Code","Hard-coded","","Discovering live and saved players…","src/MystTiq.Desktop/ViewModels/MainWindowViewModel.cs:4926"
"Code","Hard-coded","","Distribution: {0}","src/MystTiq.Desktop/ViewModels/MainWindowViewModel.cs:4660"
"Code","Hard-coded","","DNS Resolution","src/MystTiq.Desktop/Services/LocalDiagnosticsService.cs:43"
"Code","Hard-coded","","DNS Resolution","src/MystTiq.Desktop/Services/LocalDiagnosticsService.cs:48"
"Code","Hard-coded","","Doctor All","src/MystTiq.Desktop/ViewModels/MainWindowViewModel.cs:7175"
"Code","Hard-coded","","Download cancelled.","src/MystTiq.Desktop/Services/NexusModsClient.cs:112"
"Code","Hard-coded","","Download failed: {0}","src/MystTiq.Desktop/Services/NexusModsClient.cs:113"
"Code","Hard-coded","","Downloaded. Installing through the validated ZIP install…","src/MystTiq.Desktop/ViewModels/MainWindowViewModel.cs:9745"
"Code","Hard-coded","","Downloading… {0} MB","src/MystTiq.Desktop/Services/NexusModsClient.cs:106"
"Code","Hard-coded","","Downloading… {0} of {1} MB","src/MystTiq.Desktop/Services/NexusModsClient.cs:106"
"Code","Hard-coded","","Eco mode is active. ","src/MystTiq.Desktop/ViewModels/MainWindowViewModel.Host.cs:104"
"Code","Hard-coded","","Eco mode switches on the operating system's efficiency mode for the server and runs it below normal priority: it uses less power and leaves the processor to other work, but the server may run less smoothly.","src/MystTiq.Desktop/ViewModels/MainWindowViewModel.Host.cs:110"
"Code","Hard-coded","","Editing {0} (owned by {1}). Adjust fields, then Preview.","src/MystTiq.Desktop/ViewModels/MainWindowViewModel.cs:2168"
"Code","Hard-coded","","Enable All","src/MystTiq.Desktop/Services/RibbonIcons.cs:75"
"Code","Hard-coded","","Enable All","src/MystTiq.Desktop/ViewModels/MainWindowViewModel.cs:4092"
"Code","Hard-coded","","Enable all MODs","src/MystTiq.Desktop/ViewModels/MainWindowViewModel.cs:4092"
"Code","Hard-coded","","Enables Palworld's own REST API, which MystTiq's player/world polling relies on.","src/MystTiq.Desktop/ViewModels/MainWindowViewModel.cs:8033"
"Code","Hard-coded","","Enables Source RCON, which server broadcast/commands rely on.","src/MystTiq.Desktop/ViewModels/MainWindowViewModel.cs:8034"
"Code","Hard-coded","","Endpoint: {0}","src/MystTiq.Desktop/ViewModels/MainWindowViewModel.cs:3077"
"Code","Hard-coded","","Enter a mod id or a nexusmods.com/palworld/mods/... page URL.","src/MystTiq.Desktop/ViewModels/MainWindowViewModel.cs:9669"
"Code","Hard-coded","","Enter a username and password.","src/MystTiq.Desktop/ViewModels/MainWindowViewModel.cs:6179"
"Code","Hard-coded","","Enter an absolute http:// or https:// MystTiq management URL.","src/MystTiq.Desktop/ViewModels/MainWindowViewModel.cs:4439"
"Code","Hard-coded","","Enter an absolute http:// or https:// MystTiq management URL.","src/MystTiq.Desktop/ViewModels/MainWindowViewModel.cs:10313"
"Code","Hard-coded","","Enter at least one item or Pal to give.","src/MystTiq.Desktop/ViewModels/MainWindowViewModel.cs:6892"
"Code","Hard-coded","","Enter your Nexus Mods API key first.","src/MystTiq.Desktop/Services/NexusModsClient.cs:119"
"Code","Hard-coded","","Environment verification completed","src/MystTiq.Desktop/ViewModels/MainWindowViewModel.cs:8542"
"Code","Hard-coded","","Environment verification found items needing attention","src/MystTiq.Desktop/ViewModels/MainWindowViewModel.cs:8542"
"Code","Hard-coded","","Equipment Durability Loss","src/MystTiq.Desktop/ViewModels/MainWindowViewModel.cs:8029"
"Code","Hard-coded","","ERROR: {0}","src/MystTiq.Desktop/ViewModels/MainWindowViewModel.cs:5718"
"Code","Hard-coded","","ERROR: {0}","src/MystTiq.Desktop/ViewModels/MainWindowViewModel.cs:5716"
"Code","Hard-coded","","Events channel","src/MystTiq.Desktop/ViewModels/MainWindowViewModel.cs:6422"
"Code","Hard-coded","","Every {0}","src/MystTiq.Desktop/Models/AutomationDtos.cs:47"
"Code","Hard-coded","","Evidence: {0}","src/MystTiq.Desktop/ViewModels/MainWindowViewModel.cs:7714"
"Code","Hard-coded","","Exact saved world clock from GameTimeSaveData.GameDateTimeTicks","src/MystTiq.Desktop/ViewModels/MainWindowViewModel.cs:5737"
"Code","Hard-coded","","Exit shutdown warning: {0}","src/MystTiq.Desktop/ViewModels/MainWindowViewModel.cs:10118"
"Code","Hard-coded","","Experience Rate","src/MystTiq.Desktop/ViewModels/MainWindowViewModel.cs:8008"
"Code","Hard-coded","","Export configuration","src/MystTiq.Desktop/ViewModels/MainWindowViewModel.cs:4037"
"Code","Hard-coded","","Export console view","src/MystTiq.Desktop/ViewModels/MainWindowViewModel.cs:4049"
"Code","Hard-coded","","Export CSV","src/MystTiq.Desktop/Services/RibbonIcons.cs:79"
"Code","Hard-coded","","Export CSV","src/MystTiq.Desktop/ViewModels/MainWindowViewModel.cs:4167"
"Code","Hard-coded","","Export diagnostic report","src/MystTiq.Desktop/ViewModels/MainWindowViewModel.cs:4114"
"Code","Hard-coded","","Export failed: {0}","src/MystTiq.Desktop/MainWindow.axaml.cs:710"
"Code","Hard-coded","","Export MystTiq base evidence","src/MystTiq.Desktop/MainWindow.axaml.cs:669"
"Code","Hard-coded","","Export MystTiq console view","src/MystTiq.Desktop/MainWindow.axaml.cs:636"
"Code","Hard-coded","","Export MystTiq diagnostic report","src/MystTiq.Desktop/MainWindow.axaml.cs:496"
"Code","Hard-coded","","Export MystTiq guild directory","src/MystTiq.Desktop/MainWindow.axaml.cs:666"
"Code","Hard-coded","","Export MystTiq Palworld configuration","src/MystTiq.Desktop/MainWindow.axaml.cs:694"
"Code","Hard-coded","","Export MystTiq player directory","src/MystTiq.Desktop/MainWindow.axaml.cs:653"
"Code","Hard-coded","","Export MystTiq world validation report","src/MystTiq.Desktop/MainWindow.axaml.cs:765"
"Code","Hard-coded","","Export players CSV","src/MystTiq.Desktop/ViewModels/MainWindowViewModel.cs:4167"
"Code","Hard-coded","","Export Report","src/MystTiq.Desktop/ViewModels/MainWindowViewModel.cs:4114"
"Code","Hard-coded","","Export Report","src/MystTiq.Desktop/Services/RibbonIcons.cs:75"
"Code","Hard-coded","","Export Report","src/MystTiq.Desktop/ViewModels/MainWindowViewModel.cs:4143"
"Code","Hard-coded","","Export visible MystTiq activity","src/MystTiq.Desktop/MainWindow.axaml.cs:829"
"Code","Hard-coded","","Export visible MystTiq notifications","src/MystTiq.Desktop/MainWindow.axaml.cs:832"
"Code","Hard-coded","","Export visible notifications","src/MystTiq.Desktop/ViewModels/MainWindowViewModel.cs:4194"
"Code","Hard-coded","","Export world validation report","src/MystTiq.Desktop/ViewModels/MainWindowViewModel.cs:4143"
"Code","Hard-coded","","Exported configuration to {0}.","src/MystTiq.Desktop/MainWindow.axaml.cs:706"
"Code","Hard-coded","","Exported: {0}","src/MystTiq.Desktop/ViewModels/MainWindowViewModel.cs:9139"
"Code","Hard-coded","","Failed {0}","src/MystTiq.Desktop/ViewModels/MainWindowViewModel.cs:4760"
"Code","Hard-coded","","Failed at {0}: {1}","src/MystTiq.Desktop/ViewModels/MainWindowViewModel.cs:3159"
"Code","Hard-coded","","File {0}","src/MystTiq.Desktop/Models/NexusModsDtos.cs:44"
"Code","Hard-coded","","Files will install to: {0}","src/MystTiq.Desktop/ViewModels/MainWindowViewModel.cs:3591"
"Code","Hard-coded","","First seen {0} · Last seen {1} · {2} session(s) · {3}h tracked playtime","src/MystTiq.Desktop/ViewModels/MainWindowViewModel.cs:5058"
"Code","Hard-coded","","First seen {0}, last seen {1}.","src/MystTiq.Desktop/Models/CrashAndSaveToolsDtos.cs:35"
"Code","Hard-coded","","Fix Automatically","src/MystTiq.Desktop/Models/DiagnosticFindingDtos.cs:47"
"Code","Hard-coded","","Follow the system","src/MystTiq.Desktop/Services/ThemeCatalog.cs:228"
"Code","Hard-coded","","Force Stop","src/MystTiq.Desktop/ViewModels/MainWindowViewModel.cs:4255"
"Code","Hard-coded","","Force Stop","src/MystTiq.Desktop/Services/RibbonIcons.cs:31"
"Code","Hard-coded","","Force Stop","src/MystTiq.Desktop/Services/RibbonIcons.cs:89"
"Code","Hard-coded","","Force stop server","src/MystTiq.Desktop/ViewModels/MainWindowViewModel.cs:4255"
"Code","Hard-coded","","Force stopping…","src/MystTiq.Desktop/ViewModels/MainWindowViewModel.cs:10102"
"Code","Hard-coded","","Force-kill managed server processes","src/MystTiq.Desktop/ViewModels/MainWindowViewModel.cs:4118"
"Code","Hard-coded","","Force-stopping PalServer before exit…","src/MystTiq.Desktop/ViewModels/MainWindowViewModel.cs:10110"
"Code","Hard-coded","","Found {0}. Press Show Files to see what can be installed.","src/MystTiq.Desktop/ViewModels/MainWindowViewModel.cs:9681"
"Code","Hard-coded","","FPS Avg {0} · Peak {1}","src/MystTiq.Desktop/ViewModels/MainWindowViewModel.cs:5906"
"Code","Hard-coded","","FPS history collecting…","src/MystTiq.Desktop/ViewModels/MainWindowViewModel.cs:5889"
"Code","Hard-coded","","FPS history collecting…","src/MystTiq.Desktop/ViewModels/MainWindowViewModel.cs:395"
"Code","Hard-coded","","FPS: not recorded (REST API disabled for this range)","src/MystTiq.Desktop/ViewModels/MainWindowViewModel.cs:5905"
"Code","Hard-coded","","Free disk space on this machine before relying on local logs/exports.","src/MystTiq.Desktop/Services/LocalDiagnosticsService.cs:166"
"Code","Hard-coded","","full speed","src/MystTiq.Desktop/ViewModels/MainWindowViewModel.Host.cs:105"
"Code","Hard-coded","","Full speed. ","src/MystTiq.Desktop/ViewModels/MainWindowViewModel.Host.cs:106"
"Code","Hard-coded","","Game Port","src/MystTiq.Desktop/ViewModels/MainWindowViewModel.cs:8038"
"Code","Hard-coded","","Generated a new server name locally. Save Changes to publish it to PalWorldSettings.ini.","src/MystTiq.Desktop/ViewModels/MainWindowViewModel.cs:8197"
"Code","Hard-coded","","Generated: {0}","src/MystTiq.Desktop/ViewModels/MainWindowViewModel.cs:3076"
"Code","Hard-coded","","GitHub: ","src/MystTiq.Desktop/Models/ComponentVersionDto.cs:51"
"Code","Hard-coded","","given before","src/MystTiq.Desktop/Models/KitDtos.cs:115"
"Code","Hard-coded","","Giving '{0}' to {1}…","src/MystTiq.Desktop/ViewModels/MainWindowViewModel.cs:6909"
"Code","Hard-coded","","Giving {0} entr{(parsed.Count == 1 ? ","src/MystTiq.Desktop/ViewModels/MainWindowViewModel.cs:6893"
"Code","Hard-coded","","Handshake succeeded ({0}). No certificate pin configured -- OS trust-chain validation applies at real connect time.","src/MystTiq.Desktop/Services/LocalDiagnosticsService.cs:110"
"Code","Hard-coded","","Handshake succeeded and the presented certificate matches the configured pin.","src/MystTiq.Desktop/Services/LocalDiagnosticsService.cs:102"
"Code","Hard-coded","","Handshake succeeded, but the presented certificate ({0}) does not match the configured pin.","src/MystTiq.Desktop/Services/LocalDiagnosticsService.cs:104"
"Code","Hard-coded","","Health probe returned HTTP {0}.","src/MystTiq.Desktop/Services/LocalManagementBootstrapper.cs:259"
"Code","Hard-coded","","Healthy Owner","src/MystTiq.Desktop/ViewModels/MainWindowViewModel.cs:9304"
"Code","Hard-coded","","Healthy Owner","src/MystTiq.Desktop/ViewModels/MainWindowViewModel.cs:1362"
"Code","Hard-coded","","High contrast","src/MystTiq.Desktop/Services/ThemeCatalog.cs:228"
"Code","Hard-coded","","High puts the server ahead of everything else on the machine, including MystTiq and remote access, so they can respond slowly while the server is busy.","src/MystTiq.Desktop/ViewModels/MainWindowViewModel.Host.cs:98"
"Code","Hard-coded","","History unavailable: {0}","src/MystTiq.Desktop/ViewModels/MainWindowViewModel.cs:5879"
"Code","Hard-coded","","Holds this server's ","src/MystTiq.Desktop/Models/HostDtos.cs:104"
"Code","Hard-coded","","host not found","src/MystTiq.Desktop/Services/LocalDiagnosticsService.cs:192"
"Code","Hard-coded","","HTTP {0} {1}.","src/MystTiq.Desktop/Services/LocalDiagnosticsService.cs:137"
"Code","Hard-coded","","HTTP {0}.","src/MystTiq.Desktop/Services/LocalDiagnosticsService.cs:135"
"Code","Hard-coded","","HTTP Health Check","src/MystTiq.Desktop/Services/LocalDiagnosticsService.cs:136"
"Code","Hard-coded","","HTTP Health Check","src/MystTiq.Desktop/Services/LocalDiagnosticsService.cs:135"
"Code","Hard-coded","","HTTP Health Check","src/MystTiq.Desktop/Services/LocalDiagnosticsService.cs:141"
"Code","Hard-coded","","I understand this creates a nightly backup rule","src/MystTiq.Desktop/Models/DiagnosticFindingDtos.cs:53"
"Code","Hard-coded","","I understand this creates the backup folder","src/MystTiq.Desktop/Models/DiagnosticFindingDtos.cs:54"
"Code","Hard-coded","","I understand this downloads and installs server files","src/MystTiq.Desktop/Models/DiagnosticFindingDtos.cs:55"
"Code","Hard-coded","","I understand this runs the fix","src/MystTiq.Desktop/Models/DiagnosticFindingDtos.cs:56"
"Code","Hard-coded","","Import configuration","src/MystTiq.Desktop/ViewModels/MainWindowViewModel.cs:4036"
"Code","Hard-coded","","Import failed: {0}","src/MystTiq.Desktop/MainWindow.axaml.cs:627"
"Code","Hard-coded","","Import MystTiq Palworld configuration","src/MystTiq.Desktop/MainWindow.axaml.cs:613"
"Code","Hard-coded","","Imported {0} setting value(s) into the local editor. Save Changes to write the server configuration.","src/MystTiq.Desktop/ViewModels/MainWindowViewModel.cs:8337"
"Code","Hard-coded","","in {0}'s party","src/MystTiq.Desktop/Services/PalMapLayout.cs:68"
"Code","Hard-coded","","in a kit","src/MystTiq.Desktop/Models/KitDtos.cs:114"
"Code","Hard-coded","","in a player's party","src/MystTiq.Desktop/Services/PalMapLayout.cs:68"
"Code","Hard-coded","","in the world","src/MystTiq.Desktop/Services/PalMapLayout.cs:69"
"Code","Hard-coded","","in world ×{0}","src/MystTiq.Desktop/Models/KitDtos.cs:113"
"Code","Hard-coded","","in world ×{0}{(AlphaSeen ? ","src/MystTiq.Desktop/Models/KitDtos.cs:113"
"Code","Hard-coded","","Incompatible API version","src/MystTiq.Desktop/ViewModels/TabSession.cs:132"
"Code","Hard-coded","","Incompatible API version","src/MystTiq.Desktop/ViewModels/MainWindowViewModel.cs:4416"
"Code","Hard-coded","","Increases automatic Pal health recovery.","src/MystTiq.Desktop/ViewModels/MainWindowViewModel.cs:8020"
"Code","Hard-coded","","Increases automatic player health recovery.","src/MystTiq.Desktop/ViewModels/MainWindowViewModel.cs:8017"
"Code","Hard-coded","","Increases resources dropped from collection objects.","src/MystTiq.Desktop/ViewModels/MainWindowViewModel.cs:8021"
"Code","Hard-coded","","Inspecting Save Tools…","src/MystTiq.Desktop/ViewModels/MainWindowViewModel.cs:7212"
"Code","Hard-coded","","Install / Repair Server Files","src/MystTiq.Desktop/Models/DiagnosticFindingDtos.cs:46"
"Code","Hard-coded","","Install completed with remaining optional/manual prerequisites","src/MystTiq.Desktop/ViewModels/MainWindowViewModel.cs:8636"
"Code","Hard-coded","","Install failed","src/MystTiq.Desktop/ViewModels/MainWindowViewModel.cs:9511"
"Code","Hard-coded","","Install finished.","src/MystTiq.Desktop/ViewModels/MainWindowViewModel.cs:9749"
"Code","Hard-coded","","Install Missing","src/MystTiq.Desktop/Services/RibbonIcons.cs:89"
"Code","Hard-coded","","Install Missing","src/MystTiq.Desktop/Services/RibbonIcons.cs:31"
"Code","Hard-coded","","Install Missing","src/MystTiq.Desktop/ViewModels/MainWindowViewModel.cs:4029"
"Code","Hard-coded","","Install missing environment components","src/MystTiq.Desktop/ViewModels/MainWindowViewModel.cs:4029"
"Code","Hard-coded","","Install MOD ZIP on the managed Palworld server","src/MystTiq.Desktop/MainWindow.axaml.cs:719"
"Code","Hard-coded","","Install the previewed UE4SS release","src/MystTiq.Desktop/ViewModels/MainWindowViewModel.cs:4105"
"Code","Hard-coded","","Installed / API unavailable","src/MystTiq.Desktop/ViewModels/MainWindowViewModel.cs:4875"
"Code","Hard-coded","","Installed / Found","src/MystTiq.Desktop/ViewModels/MainWindowViewModel.cs:4608"
"Code","Hard-coded","","Installed / process not detected","src/MystTiq.Desktop/ViewModels/MainWindowViewModel.cs:4619"
"Code","Hard-coded","","Installing required server distribution components","src/MystTiq.Desktop/ViewModels/MainWindowViewModel.cs:8628"
"Code","Hard-coded","","Invalid profile","src/MystTiq.Desktop/ViewModels/MainWindowViewModel.cs:10133"
"Code","Hard-coded","","Invalid profile","src/MystTiq.Desktop/ViewModels/TabSession.cs:132"
"Code","Hard-coded","","Invalid profile","src/MystTiq.Desktop/ViewModels/MainWindowViewModel.cs:4782"
"Code","Hard-coded","","Item Corruption Rate","src/MystTiq.Desktop/ViewModels/MainWindowViewModel.cs:8028"
"Code","Hard-coded","","Item Weight","src/MystTiq.Desktop/ViewModels/MainWindowViewModel.cs:8025"
"Code","Hard-coded","","Items & Work","src/MystTiq.Desktop/ViewModels/MainWindowViewModel.cs:8022"
"Code","Hard-coded","","Items & Work","src/MystTiq.Desktop/ViewModels/MainWindowViewModel.cs:8029"
"Code","Hard-coded","","Items & Work","src/MystTiq.Desktop/ViewModels/MainWindowViewModel.cs:8079"
"Code","Hard-coded","","Items & Work","src/MystTiq.Desktop/ViewModels/MainWindowViewModel.cs:8021"
"Code","Hard-coded","","Items & Work","src/MystTiq.Desktop/ViewModels/MainWindowViewModel.cs:8023"
"Code","Hard-coded","","Items & Work","src/MystTiq.Desktop/ViewModels/MainWindowViewModel.cs:8024"
"Code","Hard-coded","","Items & Work","src/MystTiq.Desktop/ViewModels/MainWindowViewModel.cs:8025"
"Code","Hard-coded","","Items & Work","src/MystTiq.Desktop/ViewModels/MainWindowViewModel.cs:8028"
"Code","Hard-coded","","Key saved on this PC, encrypted for your Windows account only. It is never sent to the MystTiq server.","src/MystTiq.Desktop/ViewModels/MainWindowViewModel.cs:9634"
"Code","Hard-coded","","Kill Processes","src/MystTiq.Desktop/Services/RibbonIcons.cs:76"
"Code","Hard-coded","","Kill Processes","src/MystTiq.Desktop/ViewModels/MainWindowViewModel.cs:4118"
"Code","Hard-coded","","Kit removed. Press Save Kits to keep that.","src/MystTiq.Desktop/ViewModels/MainWindowViewModel.cs:6612"
"Code","Hard-coded","","Kits saved.","src/MystTiq.Desktop/ViewModels/MainWindowViewModel.cs:6636"
"Code","Hard-coded","","Known Saves","src/MystTiq.Desktop/ViewModels/MainWindowViewModel.cs:1359"
"Code","Hard-coded","","Known Saves","src/MystTiq.Desktop/ViewModels/MainWindowViewModel.cs:4995"
"Code","Hard-coded","","LAN discovery failed: {0}","src/MystTiq.Desktop/ViewModels/MainWindowViewModel.cs:4580"
"Code","Hard-coded","","LAN discovery has not run.","src/MystTiq.Desktop/ViewModels/MainWindowViewModel.cs:284"
"Code","Hard-coded","","LAN endpoint: {report.LanEndpoint ?? ","src/MystTiq.Desktop/ViewModels/MainWindowViewModel.cs:3135"
"Code","Hard-coded","","Last 24 hours","src/MystTiq.Desktop/ViewModels/MainWindowViewModel.HostHistory.cs:18"
"Code","Hard-coded","","Last 7 days","src/MystTiq.Desktop/ViewModels/MainWindowViewModel.HostHistory.cs:18"
"Code","Hard-coded","","Last hour","src/MystTiq.Desktop/ViewModels/MainWindowViewModel.HostHistory.cs:18"
"Code","Hard-coded","","last sign-in {0}","src/MystTiq.Desktop/Models/RbacDtos.cs:26"
"Code","Hard-coded","","Leave as it is (default)","src/MystTiq.Desktop/ViewModels/MainWindowViewModel.Host.cs:37"
"Code","Hard-coded","","Leave empty for every core; write them like 0-3, 6.","src/MystTiq.Desktop/ViewModels/MainWindowViewModel.Host.cs:93"
"Code","Hard-coded","","Leave empty for every core. This machine has cores 0-{0}; write them like 0-3, 6. Pinning a server to fewer cores leaves the others to other servers and programs.","src/MystTiq.Desktop/ViewModels/MainWindowViewModel.Host.cs:92"
"Code","Hard-coded","","Lifecycle operation completed.","src/MystTiq.Desktop/ViewModels/MainWindowViewModel.cs:10161"
"Code","Hard-coded","","Lifecycle operation failed (exit code {0}).","src/MystTiq.Desktop/ViewModels/MainWindowViewModel.cs:10161"
"Code","Hard-coded","","Live · {0}/{1} lines","src/MystTiq.Desktop/ViewModels/MainWindowViewModel.cs:5639"
"Code","Hard-coded","","Load the active configuration to validate settings.","src/MystTiq.Desktop/ViewModels/MainWindowViewModel.cs:374"
"Code","Hard-coded","","Load the managed configuration to inspect server paths.","src/MystTiq.Desktop/ViewModels/MainWindowViewModel.cs:118"
"Code","Hard-coded","","Loaded · service restart already required","src/MystTiq.Desktop/ViewModels/MainWindowViewModel.cs:8424"
"Code","Hard-coded","","Loading ban list…","src/MystTiq.Desktop/ViewModels/MainWindowViewModel.cs:7502"
"Code","Hard-coded","","Loading files for {0}…","src/MystTiq.Desktop/ViewModels/MainWindowViewModel.cs:9691"
"Code","Hard-coded","","Loading from Nexus Mods…","src/MystTiq.Desktop/ViewModels/MainWindowViewModel.cs:9652"
"Code","Hard-coded","","Loading Pals…","src/MystTiq.Desktop/ViewModels/MainWindowViewModel.cs:9021"
"Code","Hard-coded","","Loading PalWorldSettings.ini…","src/MystTiq.Desktop/ViewModels/MainWindowViewModel.cs:8348"
"Code","Hard-coded","","Local backend ready","src/MystTiq.Desktop/ViewModels/MainWindowViewModel.cs:3107"
"Code","Hard-coded","","Local backend ready","src/MystTiq.Desktop/ViewModels/MainWindowViewModel.cs:3491"
"Code","Hard-coded","","Local backend unavailable","src/MystTiq.Desktop/ViewModels/MainWindowViewModel.cs:3491"
"Code","Hard-coded","","Local backend unavailable","src/MystTiq.Desktop/ViewModels/MainWindowViewModel.cs:3107"
"Code","Hard-coded","","Local bootstrap failed","src/MystTiq.Desktop/ViewModels/MainWindowViewModel.cs:3111"
"Code","Hard-coded","","Local dashboard initialization failed: {0}","src/MystTiq.Desktop/ViewModels/MainWindowViewModel.cs:686"
"Code","Hard-coded","","Local detection failed","src/MystTiq.Desktop/ViewModels/MainWindowViewModel.cs:3495"
"Code","Hard-coded","","Local Disk Space","src/MystTiq.Desktop/Services/LocalDiagnosticsService.cs:165"
"Code","Hard-coded","","Local Disk Space","src/MystTiq.Desktop/Services/LocalDiagnosticsService.cs:170"
"Code","Hard-coded","","Local installation discovery has not run.","src/MystTiq.Desktop/ViewModels/MainWindowViewModel.cs:257"
"Code","Hard-coded","","Local Machine","src/MystTiq.Desktop/Services/LocalDiagnosticsService.cs:179"
"Code","Hard-coded","","Local MystTiq","src/MystTiq.Desktop/Models/ConnectionProfile.cs:37"
"Code","Hard-coded","","Local MystTiq","src/MystTiq.Desktop/ViewModels/MainWindowViewModel.cs:1554"
"Code","Hard-coded","","Local PalServer discovery: {0}. Management API unavailable: {1}","src/MystTiq.Desktop/ViewModels/MainWindowViewModel.cs:4876"
"Code","Hard-coded","","Local profile: browse and open actions use this computer.","src/MystTiq.Desktop/ViewModels/MainWindowViewModel.cs:1504"
"Code","Hard-coded","","locked (failed sign-ins)","src/MystTiq.Desktop/Models/RbacDtos.cs:25"
"Code","Hard-coded","","Log file","src/MystTiq.Desktop/MainWindow.axaml.cs:639"
"Code","Hard-coded","","Log unavailable","src/MystTiq.Desktop/ViewModels/MainWindowViewModel.cs:5603"
"Code","Hard-coded","","Looking for a MystTiq service on this machine…","src/MystTiq.Desktop/ViewModels/MainWindowViewModel.cs:3485"
"Code","Hard-coded","","Looking up mod {0}…","src/MystTiq.Desktop/ViewModels/MainWindowViewModel.cs:9672"
"Code","Hard-coded","","Malgun Gothic, Noto Sans CJK KR, Noto Sans KR","src/MystTiq.Desktop/Services/Localizer.cs:52"
"Code","Hard-coded","","Managed by this tab","src/MystTiq.Desktop/Models/ServerInstanceDto.cs:21"
"Code","Hard-coded","","Manager started","src/MystTiq.Desktop/ViewModels/MainWindowViewModel.cs:278"
"Code","Hard-coded","","Mark all notifications read","src/MystTiq.Desktop/ViewModels/MainWindowViewModel.cs:4193"
"Code","Hard-coded","","Mark All Read","src/MystTiq.Desktop/Services/RibbonIcons.cs:80"
"Code","Hard-coded","","Mark All Read","src/MystTiq.Desktop/ViewModels/MainWindowViewModel.cs:4193"
"Code","Hard-coded","","Max Players","src/MystTiq.Desktop/ViewModels/MainWindowViewModel.cs:8038"
"Code","Hard-coded","","Maximum Players must be at least 1","src/MystTiq.Desktop/ViewModels/MainWindowViewModel.cs:8188"
"Code","Hard-coded","","memory {0} % used on average, peak {1} %","src/MystTiq.Desktop/ViewModels/MainWindowViewModel.HostHistory.cs:40"
"Code","Hard-coded","","Memory history collecting…","src/MystTiq.Desktop/ViewModels/MainWindowViewModel.cs:5888"
"Code","Hard-coded","","Memory history collecting…","src/MystTiq.Desktop/ViewModels/MainWindowViewModel.cs:394"
"Code","Hard-coded","","Metadata loaded","src/MystTiq.Desktop/ViewModels/MainWindowViewModel.cs:5049"
"Code","Hard-coded","","Metadata not loaded.","src/MystTiq.Desktop/ViewModels/MainWindowViewModel.cs:1386"
"Code","Hard-coded","","Microsoft C++ Build Tools","src/MystTiq.Desktop/Models/ComponentVersionDto.cs:48"
"Code","Hard-coded","","Microsoft YaHei UI, Microsoft YaHei, Noto Sans CJK SC, Noto Sans SC, WenQuanYi Micro Hei","src/MystTiq.Desktop/Services/Localizer.cs:50"
"Code","Hard-coded","","Midnight (true black)","src/MystTiq.Desktop/Services/ThemeCatalog.cs:228"
"Code","Hard-coded","","Minutes before eco mode must be a whole number from 1 to 240.","src/MystTiq.Desktop/ViewModels/MainWindowViewModel.Host.cs:184"
"Code","Hard-coded","","Missing save","src/MystTiq.Desktop/Models/PlayerGuildExplorerDtos.cs:21"
"Code","Hard-coded","","Missing Saves","src/MystTiq.Desktop/ViewModels/MainWindowViewModel.cs:1359"
"Code","Hard-coded","","Missing Saves","src/MystTiq.Desktop/ViewModels/MainWindowViewModel.cs:4996"
"Code","Hard-coded","","Mod {0}","src/MystTiq.Desktop/Models/NexusModsDtos.cs:25"
"Code","Hard-coded","","MOD Maintenance","src/MystTiq.Desktop/ViewModels/MainWindowViewModel.cs:4090"
"Code","Hard-coded","","Mod(s) named in this evidence: {string.Join(","src/MystTiq.Desktop/Models/CrashAndSaveToolsDtos.cs:29"
"Code","Hard-coded","","Mods: —","src/MystTiq.Desktop/ViewModels/MainWindowViewModel.cs:272"
"Code","Hard-coded","","Monitoring refresh failed: {0}","src/MystTiq.Desktop/ViewModels/MainWindowViewModel.cs:5215"
"Code","Hard-coded","","More Item Drops","src/MystTiq.Desktop/ViewModels/MainWindowViewModel.cs:8021"
"Code","Hard-coded","","My limits","src/MystTiq.Desktop/ViewModels/MainWindowViewModel.Bandwidth.cs:23"
"Code","Hard-coded","","My Palworld Server","src/MystTiq.Desktop/ViewModels/MainWindowViewModel.cs:382"
"Code","Hard-coded","","MystTiq — {0} servers running: {string.Join(","src/MystTiq.Desktop/App.axaml.cs:76"
"Code","Hard-coded","","MystTiq — idle, nothing running","src/MystTiq.Desktop/App.axaml.cs:74"
"Code","Hard-coded","","MystTiq — Palworld Server Manager","src/MystTiq.Desktop/Program.cs:52"
"Code","Hard-coded","","MystTiq — running: {0}","src/MystTiq.Desktop/App.axaml.cs:75"
"Code","Hard-coded","","MystTiq {0}","src/MystTiq.Desktop/ViewModels/MainWindowViewModel.cs:1554"
"Code","Hard-coded","","MystTiq {0} Production Doctor","src/MystTiq.Desktop/ViewModels/MainWindowViewModel.cs:7713"
"Code","Hard-coded","","MystTiq @ {0}","src/MystTiq.Desktop/Services/MystTiqServiceDiscoveryService.cs:12"
"Code","Hard-coded","","MystTiq configuration","src/MystTiq.Desktop/MainWindow.axaml.cs:615"
"Code","Hard-coded","","MystTiq is already running. Check the system tray, or your taskbar, for the existing window.","src/MystTiq.Desktop/Program.cs:49"
"Code","Hard-coded","","MystTiq is starting its own local management engine automatically -- this is the engine that will run your new server, not an existing one to connect to. This normally only takes a moment; if it's stuck, use Auto-Detect below or enter a different local address.","src/MystTiq.Desktop/ViewModels/MainWindowViewModel.cs:801"
"Code","Hard-coded","","MystTiq lifecycle request failed with HTTP {0} {1}. {2}","src/MystTiq.Desktop/Services/MystTiqApiClient.cs:1137"
"Code","Hard-coded","","MystTiq Palworld Server Diagnostics","src/MystTiq.Desktop/ViewModels/MainWindowViewModel.cs:3131"
"Code","Hard-coded","","MystTiq Palworld Server Manager","src/MystTiq.Desktop/MainWindow.axaml.cs:530"
"Code","Hard-coded","","MystTiq refused this: it needs the {0} role or higher.","src/MystTiq.Desktop/Services/AccessRefusal.cs:41"
"Code","Hard-coded","","MystTiq refused this: not signed in, or the sign-in has expired. Sign in again.","src/MystTiq.Desktop/Services/AccessRefusal.cs:44"
"Code","Hard-coded","","MystTiq refused this: not signed in, or the sign-in has expired. Sign in again.","src/MystTiq.Desktop/Services/AccessRefusal.cs:47"
"Code","Hard-coded","","MystTiq refused this: your account cannot do this.","src/MystTiq.Desktop/Services/AccessRefusal.cs:46"
"Code","Hard-coded","","MystTiq refused this: your account is limited to a different server.","src/MystTiq.Desktop/Services/AccessRefusal.cs:43"
"Code","Hard-coded","","MystTiq refused this: your role cannot do this.","src/MystTiq.Desktop/Services/AccessRefusal.cs:42"
"Code","Hard-coded","","MystTiq request failed with HTTP {0} {1}.","src/MystTiq.Desktop/Services/MystTiqApiClient.cs:600"
"Code","Hard-coded","","MystTiq request failed with HTTP {0} {1}. {2}","src/MystTiq.Desktop/Services/MystTiqApiClient.cs:609"
"Code","Hard-coded","","MystTiq returned an empty activity log snapshot.","src/MystTiq.Desktop/Services/MystTiqApiClient.cs:125"
"Code","Hard-coded","","MystTiq returned an empty backup inventory.","src/MystTiq.Desktop/Services/MystTiqApiClient.cs:468"
"Code","Hard-coded","","MystTiq returned an empty diagnostics report.","src/MystTiq.Desktop/Services/MystTiqApiClient.cs:443"
"Code","Hard-coded","","MystTiq returned an empty disk-space prediction.","src/MystTiq.Desktop/Services/MystTiqApiClient.cs:233"
"Code","Hard-coded","","MystTiq returned an empty Doctor report.","src/MystTiq.Desktop/Services/MystTiqApiClient.cs:436"
"Code","Hard-coded","","MystTiq returned an empty editable configuration.","src/MystTiq.Desktop/Services/MystTiqApiClient.cs:543"
"Code","Hard-coded","","MystTiq returned an empty health response.","src/MystTiq.Desktop/Services/MystTiqApiClient.cs:16"
"Code","Hard-coded","","MystTiq returned an empty historical-metrics snapshot.","src/MystTiq.Desktop/Services/MystTiqApiClient.cs:426"
"Code","Hard-coded","","MystTiq returned an empty log-tail snapshot.","src/MystTiq.Desktop/Services/MystTiqApiClient.cs:114"
"Code","Hard-coded","","MystTiq returned an empty MOD description result.","src/MystTiq.Desktop/Services/MystTiqApiClient.cs:1080"
"Code","Hard-coded","","MystTiq returned an empty MOD inventory.","src/MystTiq.Desktop/Services/MystTiqApiClient.cs:998"
"Code","Hard-coded","","MystTiq returned an empty MOD update check result.","src/MystTiq.Desktop/Services/MystTiqApiClient.cs:1072"
"Code","Hard-coded","","MystTiq returned an empty MOD verification result.","src/MystTiq.Desktop/Services/MystTiqApiClient.cs:1005"
"Code","Hard-coded","","MystTiq returned an empty network diagnostic report.","src/MystTiq.Desktop/Services/MystTiqApiClient.cs:956"
"Code","Hard-coded","","MystTiq returned an empty Palworld configuration snapshot.","src/MystTiq.Desktop/Services/MystTiqApiClient.cs:550"
"Code","Hard-coded","","MystTiq returned an empty Player & Guild Explorer snapshot.","src/MystTiq.Desktop/Services/MystTiqApiClient.cs:816"
"Code","Hard-coded","","MystTiq returned an empty player snapshot.","src/MystTiq.Desktop/Services/MystTiqApiClient.cs:102"
"Code","Hard-coded","","MystTiq returned an empty port-check result.","src/MystTiq.Desktop/Services/MystTiqApiClient.cs:963"
"Code","Hard-coded","","MystTiq returned an empty principal.","src/MystTiq.Desktop/Services/MystTiqApiClient.cs:201"
"Code","Hard-coded","","MystTiq returned an empty RCON status response.","src/MystTiq.Desktop/Services/MystTiqApiClient.cs:253"
"Code","Hard-coded","","MystTiq returned an empty runtime-metrics snapshot.","src/MystTiq.Desktop/Services/MystTiqApiClient.cs:410"
"Code","Hard-coded","","MystTiq returned an empty server distribution status.","src/MystTiq.Desktop/Services/MystTiqApiClient.cs:660"
"Code","Hard-coded","","MystTiq returned an empty server environment checklist.","src/MystTiq.Desktop/Services/MystTiqApiClient.cs:620"
"Code","Hard-coded","","MystTiq returned an empty service-status response.","src/MystTiq.Desktop/Services/MystTiqApiClient.cs:48"
"Code","Hard-coded","","MystTiq returned an empty status response.","src/MystTiq.Desktop/Services/MystTiqApiClient.cs:38"
"Code","Hard-coded","","MystTiq returned an empty status-polling snapshot.","src/MystTiq.Desktop/Services/MystTiqApiClient.cs:28"
"Code","Hard-coded","","MystTiq returned an empty SteamCMD plan.","src/MystTiq.Desktop/Services/MystTiqApiClient.cs:673"
"Code","Hard-coded","","MystTiq returned an empty WAN reachability report.","src/MystTiq.Desktop/Services/MystTiqApiClient.cs:984"
"Code","Hard-coded","","MystTiq returned an empty Workshop scan result.","src/MystTiq.Desktop/Services/MystTiqApiClient.cs:1058"
"Code","Hard-coded","","MystTiq returned an empty World Explorer snapshot.","src/MystTiq.Desktop/Services/MystTiqApiClient.cs:776"
"Code","Hard-coded","","MystTiq returned an empty world validation report.","src/MystTiq.Desktop/Services/MystTiqApiClient.cs:783"
"Code","Hard-coded","","MystTiq returned empty notification state.","src/MystTiq.Desktop/Services/MystTiqApiClient.cs:129"
"Code","Hard-coded","","MystTiq returned empty player metadata.","src/MystTiq.Desktop/Services/MystTiqApiClient.cs:931"
"Code","Hard-coded","","MystTiq returned empty save inventory.","src/MystTiq.Desktop/Services/MystTiqApiClient.cs:247"
"Code","Hard-coded","","MystTiq returned empty Save Tools diagnostics.","src/MystTiq.Desktop/Services/MystTiqApiClient.cs:243"
"Code","Hard-coded","","MystTiq returned server status.","src/MystTiq.Desktop/ViewModels/MainWindowViewModel.cs:10245"
"Code","Hard-coded","","MystTiq Support Package","src/MystTiq.Desktop/ViewModels/MainWindowViewModel.cs:3076"
"Code","Hard-coded","","MystTiq uses short-lived server-side RCON sessions; no credential or socket remains in the GUI.","src/MystTiq.Desktop/ViewModels/MainWindowViewModel.cs:5701"
"Code","Hard-coded","","MystTiq will look for its management service already running on this machine, or start one. If you already have another local MystTiq service running on a different port, enter its address below instead.","src/MystTiq.Desktop/ViewModels/MainWindowViewModel.cs:802"
"Code","Hard-coded","","MystTiq will provision SteamCMD when needed and install/validate the Palworld Dedicated Server. Optional developer/save-tool dependencies remain explicitly listed if manual installation is required.","src/MystTiq.Desktop/ViewModels/MainWindowViewModel.cs:8629"
"Code","Hard-coded","","MystTiq World Validation Report","src/MystTiq.Desktop/ViewModels/MainWindowViewModel.cs:9139"
"Code","Hard-coded","","Needs bearer token","src/MystTiq.Desktop/ViewModels/MainWindowViewModel.cs:4421"
"Code","Hard-coded","","Needs bearer token","src/MystTiq.Desktop/ViewModels/TabSession.cs:132"
"Code","Hard-coded","","Needs Review","src/MystTiq.Desktop/ViewModels/MainWindowViewModel.cs:9305"
"Code","Hard-coded","","Needs Review","src/MystTiq.Desktop/ViewModels/MainWindowViewModel.cs:4998"
"Code","Hard-coded","","Needs Review","src/MystTiq.Desktop/ViewModels/MainWindowViewModel.cs:1362"
"Code","Hard-coded","","Needs Review","src/MystTiq.Desktop/ViewModels/MainWindowViewModel.cs:1361"
"Code","Hard-coded","","Needs Review","src/MystTiq.Desktop/ViewModels/MainWindowViewModel.cs:9282"
"Code","Hard-coded","","Needs Review","src/MystTiq.Desktop/ViewModels/MainWindowViewModel.cs:1360"
"Code","Hard-coded","","Network updates per second must be a whole number from 10 to 120.","src/MystTiq.Desktop/ViewModels/MainWindowViewModel.Bandwidth.cs:105"
"Code","Hard-coded","","Network: {0}","src/MystTiq.Desktop/ViewModels/MainWindowViewModel.cs:3132"
"Code","Hard-coded","","Neutralize legacy MOD overrides","src/MystTiq.Desktop/ViewModels/MainWindowViewModel.cs:4094"
"Code","Hard-coded","","never signed in","src/MystTiq.Desktop/Models/RbacDtos.cs:26"
"Code","Hard-coded","","New kit","src/MystTiq.Desktop/ViewModels/MainWindowViewModel.cs:6598"
"Code","Hard-coded","","New kit added. Edit it, then press Save Kits.","src/MystTiq.Desktop/ViewModels/MainWindowViewModel.cs:6603"
"Code","Hard-coded","","New Server","src/MystTiq.Desktop/ViewModels/MainWindowViewModel.cs:3446"
"Code","Hard-coded","","New Server","src/MystTiq.Desktop/ViewModels/MainWindowViewModel.cs:2919"
"Code","Hard-coded","","New since the last analysis.","src/MystTiq.Desktop/Models/CrashAndSaveToolsDtos.cs:30"
"Code","Hard-coded","","Next: Choose World Source →","src/MystTiq.Desktop/ViewModels/MainWindowViewModel.cs:803"
"Code","Hard-coded","","Next: Server Defaults →","src/MystTiq.Desktop/ViewModels/MainWindowViewModel.cs:803"
"Code","Hard-coded","","Nexus answered {0}.","src/MystTiq.Desktop/Services/NexusModsClient.cs:150"
"Code","Hard-coded","","Nexus could not find that (wrong id, or not a Palworld mod).","src/MystTiq.Desktop/Services/NexusModsClient.cs:147"
"Code","Hard-coded","","Nexus did not confirm the key.","src/MystTiq.Desktop/ViewModels/MainWindowViewModel.cs:9616"
"Code","Hard-coded","","Nexus gave no download link.","src/MystTiq.Desktop/ViewModels/MainWindowViewModel.cs:9728"
"Code","Hard-coded","","Nexus only allows direct downloads for Premium accounts. Use Open on Nexus, or paste the nxm:// link from the Mod Manager Download button.","src/MystTiq.Desktop/Services/NexusModsClient.cs:146"
"Code","Hard-coded","","Nexus rate limit reached. Wait a while before trying again.","src/MystTiq.Desktop/Services/NexusModsClient.cs:149"
"Code","Hard-coded","","Nexus rejected the API key. Check it and try again.","src/MystTiq.Desktop/Services/NexusModsClient.cs:145"
"Code","Hard-coded","","Nexus requests left: {result.HourlyRemaining?.ToString() ?? ","src/MystTiq.Desktop/ViewModels/MainWindowViewModel.cs:9604"
"Code","Hard-coded","","Nexus returned an empty response.","src/MystTiq.Desktop/Services/NexusModsClient.cs:133"
"Code","Hard-coded","","Nexus returned no usable download location.","src/MystTiq.Desktop/Services/NexusModsClient.cs:74"
"Code","Hard-coded","","Nexus returned nothing.","src/MystTiq.Desktop/ViewModels/MainWindowViewModel.cs:9657"
"Code","Hard-coded","","Nexus returned nothing.","src/MystTiq.Desktop/ViewModels/MainWindowViewModel.cs:9677"
"Code","Hard-coded","","Nexus returned nothing.","src/MystTiq.Desktop/ViewModels/MainWindowViewModel.cs:9696"
"Code","Hard-coded","","Nighttime Speed","src/MystTiq.Desktop/ViewModels/MainWindowViewModel.cs:8007"
"Code","Hard-coded","","No action required.","src/MystTiq.Desktop/ViewModels/MainWindowViewModel.cs:3127"
"Code","Hard-coded","","No active PalServer session","src/MystTiq.Desktop/ViewModels/MainWindowViewModel.cs:10255"
"Code","Hard-coded","","No active session","src/MystTiq.Desktop/ViewModels/MainWindowViewModel.cs:276"
"Code","Hard-coded","","No active temporary bans.","src/MystTiq.Desktop/ViewModels/MainWindowViewModel.cs:7525"
"Code","Hard-coded","","No activity log selected","src/MystTiq.Desktop/ViewModels/MainWindowViewModel.cs:288"
"Code","Hard-coded","","No backups","src/MystTiq.Desktop/ViewModels/MainWindowViewModel.cs:5766"
"Code","Hard-coded","","No backups","src/MystTiq.Desktop/ViewModels/MainWindowViewModel.cs:4669"
"Code","Hard-coded","","No base coordinates: guild and base data need decoded Level.sav.json (Palworld Save Tools).","src/MystTiq.Desktop/ViewModels/MainWindowViewModel.cs:5555"
"Code","Hard-coded","","No clear primary asset -- open the release page to choose one manually.","src/MystTiq.Desktop/Models/Ue4ssReleaseDto.cs:23"
"Code","Hard-coded","","No files","src/MystTiq.Desktop/Models/WorldExplorerDtos.cs:64"
"Code","Hard-coded","","No installed mod is named in this evidence.","src/MystTiq.Desktop/Models/CrashAndSaveToolsDtos.cs:28"
"Code","Hard-coded","","No lifecycle operation has been requested.","src/MystTiq.Desktop/ViewModels/MainWindowViewModel.cs:286"
"Code","Hard-coded","","No log selected","src/MystTiq.Desktop/ViewModels/MainWindowViewModel.cs:78"
"Code","Hard-coded","","no longer exists","src/MystTiq.Desktop/ViewModels/MainWindowViewModel.cs:6915"
"Code","Hard-coded","","No MystTiq configuration discovered","src/MystTiq.Desktop/ViewModels/MainWindowViewModel.cs:4604"
"Code","Hard-coded","","No MystTiq services answered /healthz on port {0}.","src/MystTiq.Desktop/ViewModels/MainWindowViewModel.cs:4557"
"Code","Hard-coded","","No operation currently running","src/MystTiq.Desktop/ViewModels/MainWindowViewModel.cs:378"
"Code","Hard-coded","","No Pal positions: they need decoded Level.sav.json (Palworld Save Tools).","src/MystTiq.Desktop/Services/PalMapLayout.cs:95"
"Code","Hard-coded","","No Pals are out in the world in the save.","src/MystTiq.Desktop/Services/PalMapLayout.cs:100"
"Code","Hard-coded","","No persisted crash analyses yet. Run Analysis to create the first evidence report.","src/MystTiq.Desktop/ViewModels/MainWindowViewModel.cs:7199"
"Code","Hard-coded","","No players are online, or the server is stopped, so there are no live player dots.","src/MystTiq.Desktop/Services/MapContentsText.cs:15"
"Code","Hard-coded","","No readings yet in this range. MystTiq reads the machine once a minute while it runs.","src/MystTiq.Desktop/ViewModels/MainWindowViewModel.HostHistory.cs:36"
"Code","Hard-coded","","No recent console activity","src/MystTiq.Desktop/ViewModels/MainWindowViewModel.cs:5609"
"Code","Hard-coded","","No registry history yet — first observed on the next status poll.","src/MystTiq.Desktop/ViewModels/MainWindowViewModel.cs:5057"
"Code","Hard-coded","","No timestamps in the matching lines.","src/MystTiq.Desktop/Models/CrashAndSaveToolsDtos.cs:33"
"Code","Hard-coded","","No UE4SS release catalog data was available to auto-install from.","src/MystTiq.Desktop/ViewModels/MainWindowViewModel.cs:8874"
"Code","Hard-coded","","No unsaved changes","src/MystTiq.Desktop/ViewModels/MainWindowViewModel.cs:373"
"Code","Hard-coded","","No unsaved changes","src/MystTiq.Desktop/ViewModels/MainWindowViewModel.cs:8115"
"Code","Hard-coded","","Not applicable","src/MystTiq.Desktop/Models/ComponentVersionDto.cs:25"
"Code","Hard-coded","","not available","src/MystTiq.Desktop/Models/HostDtos.cs:214"
"Code","Hard-coded","","NOT CHECKED","src/MystTiq.Desktop/ViewModels/MainWindowViewModel.cs:3003"
"Code","Hard-coded","","Not checked","src/MystTiq.Desktop/ViewModels/MainWindowViewModel.cs:247"
"Code","Hard-coded","","Not checked","src/MystTiq.Desktop/ViewModels/MainWindowViewModel.cs:146"
"Code","Hard-coded","","Not checked","src/MystTiq.Desktop/ViewModels/MainWindowViewModel.cs:248"
"Code","Hard-coded","","Not checked","src/MystTiq.Desktop/MainWindow.axaml.cs:484"
"Code","Hard-coded","","Not checked","src/MystTiq.Desktop/ViewModels/MainWindowViewModel.cs:85"
"Code","Hard-coded","","Not checked","src/MystTiq.Desktop/ViewModels/MainWindowViewModel.cs:125"
"Code","Hard-coded","","Not configured","src/MystTiq.Desktop/ViewModels/MainWindowViewModel.cs:3071"
"Code","Hard-coded","","Not connected","src/MystTiq.Desktop/ViewModels/MainWindowViewModel.cs:1489"
"Code","Hard-coded","","Not connected","src/MystTiq.Desktop/ViewModels/MainWindowViewModel.cs:1555"
"Code","Hard-coded","","Not connected","src/MystTiq.Desktop/ViewModels/TabSession.cs:25"
"Code","Hard-coded","","Not connected","src/MystTiq.Desktop/ViewModels/MainWindowViewModel.cs:1807"
"Code","Hard-coded","","Not connected","src/MystTiq.Desktop/ViewModels/MainWindowViewModel.cs:3452"
"Code","Hard-coded","","Not connected to the management API, and this isn't a local desktop-owned server MystTiq can automatically reconnect to. Reconnect it from Settings, then try again.","src/MystTiq.Desktop/ViewModels/MainWindowViewModel.cs:10062"
"Code","Hard-coded","","Not connected.","src/MystTiq.Desktop/ViewModels/MainWindowViewModel.cs:9643"
"Code","Hard-coded","","Not connected.","src/MystTiq.Desktop/ViewModels/MainWindowViewModel.cs:9527"
"Code","Hard-coded","","Not detected","src/MystTiq.Desktop/ViewModels/MainWindowViewModel.cs:227"
"Code","Hard-coded","","Not discovered","src/MystTiq.Desktop/ViewModels/MainWindowViewModel.cs:254"
"Code","Hard-coded","","Not discovered","src/MystTiq.Desktop/ViewModels/MainWindowViewModel.cs:255"
"Code","Hard-coded","","Not discovered","src/MystTiq.Desktop/ViewModels/MainWindowViewModel.cs:4603"
"Code","Hard-coded","","Not found","src/MystTiq.Desktop/ViewModels/MainWindowViewModel.cs:4609"
"Code","Hard-coded","","Not found","src/MystTiq.Desktop/ViewModels/MainWindowViewModel.cs:4602"
"Code","Hard-coded","","Not found","src/MystTiq.Desktop/ViewModels/MainWindowViewModel.cs:4608"
"Code","Hard-coded","","Not inspected","src/MystTiq.Desktop/ViewModels/MainWindowViewModel.cs:343"
"Code","Hard-coded","","Not installed","src/MystTiq.Desktop/Models/ComponentVersionDto.cs:22"
"Code","Hard-coded","","NOT INSTALLED","src/MystTiq.Desktop/Models/ModManagementDtos.cs:71"
"Code","Hard-coded","","Not installed","src/MystTiq.Desktop/ViewModels/MainWindowViewModel.cs:10268"
"Code","Hard-coded","","Not installed","src/MystTiq.Desktop/ViewModels/MainWindowViewModel.cs:4597"
"Code","Hard-coded","","Not listening","src/MystTiq.Desktop/ViewModels/MainWindowViewModel.cs:3125"
"Code","Hard-coded","","Not loaded","src/MystTiq.Desktop/ViewModels/MainWindowViewModel.cs:117"
"Code","Hard-coded","","Not loaded","src/MystTiq.Desktop/ViewModels/MainWindowViewModel.cs:214"
"Code","Hard-coded","","Not loaded","src/MystTiq.Desktop/ViewModels/MainWindowViewModel.cs:287"
"Code","Hard-coded","","Not loaded","src/MystTiq.Desktop/ViewModels/MainWindowViewModel.cs:116"
"Code","Hard-coded","","Not loaded","src/MystTiq.Desktop/ViewModels/MainWindowViewModel.cs:169"
"Code","Hard-coded","","Not loaded","src/MystTiq.Desktop/ViewModels/MainWindowViewModel.cs:156"
"Code","Hard-coded","","Not loaded","src/MystTiq.Desktop/ViewModels/MainWindowViewModel.cs:134"
"Code","Hard-coded","","Not loaded","src/MystTiq.Desktop/ViewModels/MainWindowViewModel.cs:351"
"Code","Hard-coded","","Not loaded","src/MystTiq.Desktop/ViewModels/MainWindowViewModel.cs:352"
"Code","Hard-coded","","Not loaded","src/MystTiq.Desktop/ViewModels/MainWindowViewModel.cs:91"
"Code","Hard-coded","","Not managed by this tab","src/MystTiq.Desktop/Models/ServerInstanceDto.cs:21"
"Code","Hard-coded","","NOT MAPPED","src/MystTiq.Desktop/Models/NetworkDiagnosticDtos.cs:22"
"Code","Hard-coded","","Not reported","src/MystTiq.Desktop/Models/ModManagementDtos.cs:15"
"Code","Hard-coded","","Not resolved","src/MystTiq.Desktop/ViewModels/MainWindowViewModel.cs:5727"
"Code","Hard-coded","","Not resolved","src/MystTiq.Desktop/ViewModels/MainWindowViewModel.cs:5754"
"Code","Hard-coded","","Not resolved","src/MystTiq.Desktop/MainWindow.axaml.cs:446"
"Code","Hard-coded","","Not resolved","src/MystTiq.Desktop/ViewModels/MainWindowViewModel.cs:9170"
"Code","Hard-coded","","Not resolved","src/MystTiq.Desktop/ViewModels/MainWindowViewModel.cs:4677"
"Code","Hard-coded","","Not run","src/MystTiq.Desktop/ViewModels/MainWindowViewModel.cs:239"
"Code","Hard-coded","","Not run","src/MystTiq.Desktop/ViewModels/MainWindowViewModel.cs:119"
"Code","Hard-coded","","Not run","src/MystTiq.Desktop/ViewModels/MainWindowViewModel.cs:256"
"Code","Hard-coded","","NOT RUNNING","src/MystTiq.Desktop/Models/NetworkDiagnosticDtos.cs:9"
"Code","Hard-coded","","Not sampled","src/MystTiq.Desktop/ViewModels/MainWindowViewModel.cs:70"
"Code","Hard-coded","","Not sampled","src/MystTiq.Desktop/ViewModels/MainWindowViewModel.cs:283"
"Code","Hard-coded","","Not signed in with a named account (a pasted token or the local sidecar decides what you can do).","src/MystTiq.Desktop/ViewModels/MainWindowViewModel.cs:6132"
"Code","Hard-coded","","Not validated","src/MystTiq.Desktop/ViewModels/MainWindowViewModel.cs:151"
"Code","Hard-coded","","NOT VALIDATED","src/MystTiq.Desktop/ViewModels/MainWindowViewModel.cs:3002"
"Code","Hard-coded","","not yet seen on this server","src/MystTiq.Desktop/Models/KitDtos.cs:116"
"Code","Hard-coded","","Notes saved and audited by the headless service","src/MystTiq.Desktop/ViewModels/MainWindowViewModel.cs:5126"
"Code","Hard-coded","","Nothing of this server","src/MystTiq.Desktop/Models/HostDtos.cs:104"
"Code","Hard-coded","","Nothing to install","src/MystTiq.Desktop/ViewModels/MainWindowViewModel.cs:8621"
"Code","Hard-coded","","Notification self-test","src/MystTiq.Desktop/ViewModels/MainWindowViewModel.cs:4192"
"Code","Hard-coded","","Official / Vanilla","src/MystTiq.Desktop/ViewModels/MainWindowViewModel.cs:371"
"Code","Hard-coded","","Official / Vanilla","src/MystTiq.Desktop/ViewModels/MainWindowViewModel.cs:8138"
"Code","Hard-coded","","Official / Vanilla","src/MystTiq.Desktop/ViewModels/MainWindowViewModel.cs:8263"
"Code","Hard-coded","","Official Upstream","src/MystTiq.Desktop/ViewModels/MainWindowViewModel.cs:2299"
"Code","Hard-coded","","Official Upstream","src/MystTiq.Desktop/ViewModels/MainWindowViewModel.cs:2319"
"Code","Hard-coded","","Offline / Unknown","src/MystTiq.Desktop/Models/PlayerGuildExplorerDtos.cs:22"
"Code","Hard-coded","","offline, last known position","src/MystTiq.Desktop/Models/WorldMapDtos.cs:34"
"Code","Hard-coded","","offline, last known position ({0})","src/MystTiq.Desktop/Models/WorldMapDtos.cs:34"
"Code","Hard-coded","","On: notifications are also sent to {string.Join(","src/MystTiq.Desktop/Models/AlertCenterDtos.cs:85"
"Code","Hard-coded","","On. No outside channel (Discord, email, webhook) is switched on yet, so notifications only appear in MystTiq.","src/MystTiq.Desktop/Models/AlertCenterDtos.cs:84"
"Code","Hard-coded","","online now","src/MystTiq.Desktop/Models/WorldMapDtos.cs:34"
"Code","Hard-coded","","Open Activity & Audit to load persistent manager events.","src/MystTiq.Desktop/ViewModels/MainWindowViewModel.cs:289"
"Code","Hard-coded","","Open Alert Center to load anti-cheat rules.","src/MystTiq.Desktop/ViewModels/MainWindowViewModel.cs:330"
"Code","Hard-coded","","Open Alert Center to load Discord bot configuration.","src/MystTiq.Desktop/ViewModels/MainWindowViewModel.cs:318"
"Code","Hard-coded","","Open Alert Center to load threshold rules.","src/MystTiq.Desktop/ViewModels/MainWindowViewModel.cs:315"
"Code","Hard-coded","","Open Automation to load scheduled rules.","src/MystTiq.Desktop/ViewModels/MainWindowViewModel.cs:298"
"Code","Hard-coded","","Open backup root","src/MystTiq.Desktop/ViewModels/MainWindowViewModel.cs:4066"
"Code","Hard-coded","","Open Console","src/MystTiq.Desktop/ViewModels/MainWindowViewModel.cs:4015"
"Code","Hard-coded","","Open Doctor","src/MystTiq.Desktop/ViewModels/MainWindowViewModel.cs:4016"
"Code","Hard-coded","","Open Fleet to list configured server profiles.","src/MystTiq.Desktop/ViewModels/MainWindowViewModel.cs:332"
"Code","Hard-coded","","Open is unavailable for remote profiles because server paths do not belong to this computer.","src/MystTiq.Desktop/ViewModels/MainWindowViewModel.cs:3051"
"Code","Hard-coded","","Open Notifications to load persistent messages.","src/MystTiq.Desktop/ViewModels/MainWindowViewModel.cs:294"
"Code","Hard-coded","","Open Root","src/MystTiq.Desktop/Services/RibbonIcons.cs:72"
"Code","Hard-coded","","Open Root","src/MystTiq.Desktop/ViewModels/MainWindowViewModel.cs:4066"
"Code","Hard-coded","","Open Save Tools to inspect server-side dependencies and saves.","src/MystTiq.Desktop/ViewModels/MainWindowViewModel.cs:342"
"Code","Hard-coded","","Open Security to load API principals.","src/MystTiq.Desktop/ViewModels/MainWindowViewModel.cs:309"
"Code","Hard-coded","","Open this card to load starter kits.","src/MystTiq.Desktop/ViewModels/MainWindowViewModel.cs:6464"
"Code","Hard-coded","","Open this page to read the machine.","src/MystTiq.Desktop/ViewModels/MainWindowViewModel.Host.cs:16"
"Code","Hard-coded","","Opened local backup root: {0}","src/MystTiq.Desktop/ViewModels/MainWindowViewModel.cs:7900"
"Code","Hard-coded","","Operation failed","src/MystTiq.Desktop/ViewModels/MainWindowViewModel.cs:10179"
"Code","Hard-coded","","Operation failed","src/MystTiq.Desktop/ViewModels/MainWindowViewModel.cs:10164"
"Code","Hard-coded","","Operations: ","src/MystTiq.Desktop/ViewModels/MainWindowViewModel.cs:8908"
"Code","Hard-coded","","Outside delivery paused: ","src/MystTiq.Desktop/ViewModels/MainWindowViewModel.cs:6371"
"Code","Hard-coded","","Outside delivery resumed.","src/MystTiq.Desktop/ViewModels/MainWindowViewModel.cs:6371"
"Code","Hard-coded","","Packaged MystTiq headless sidecar was not found next to the desktop application.","src/MystTiq.Desktop/Services/LocalManagementBootstrapper.cs:88"
"Code","Hard-coded","","Pal Capture Rate","src/MystTiq.Desktop/ViewModels/MainWindowViewModel.cs:8009"
"Code","Hard-coded","","Pal Haven","src/MystTiq.Desktop/ViewModels/MainWindowViewModel.cs:8203"
"Code","Hard-coded","","Pal Health Regeneration","src/MystTiq.Desktop/ViewModels/MainWindowViewModel.cs:8020"
"Code","Hard-coded","","Pal Hunger Drain","src/MystTiq.Desktop/ViewModels/MainWindowViewModel.cs:8018"
"Code","Hard-coded","","Pal Isles","src/MystTiq.Desktop/ViewModels/MainWindowViewModel.cs:8203"
"Code","Hard-coded","","Pal Realm","src/MystTiq.Desktop/ViewModels/MainWindowViewModel.cs:8203"
"Code","Hard-coded","","Pal Spawn Rate","src/MystTiq.Desktop/ViewModels/MainWindowViewModel.cs:8010"
"Code","Hard-coded","","Pal Stamina Drain","src/MystTiq.Desktop/ViewModels/MainWindowViewModel.cs:8019"
"Code","Hard-coded","","PalServer healthy · {0}","src/MystTiq.Desktop/ViewModels/MainWindowViewModel.cs:10253"
"Code","Hard-coded","","PalServer shutdown reported a failure.","src/MystTiq.Desktop/ViewModels/MainWindowViewModel.cs:10114"
"Code","Hard-coded","","PalServer stopped for application exit.","src/MystTiq.Desktop/ViewModels/MainWindowViewModel.cs:10114"
"Code","Hard-coded","","Palworld {0} setting.","src/MystTiq.Desktop/Models/PalworldConfigurationDtos.cs:48"
"Code","Hard-coded","","Palworld Dedicated Server","src/MystTiq.Desktop/ViewModels/MainWindowViewModel.cs:8617"
"Code","Hard-coded","","Palworld Dedicated Server","src/MystTiq.Desktop/ViewModels/MainWindowViewModel.cs:8661"
"Code","Hard-coded","","Palworld Fork","src/MystTiq.Desktop/ViewModels/MainWindowViewModel.cs:8878"
"Code","Hard-coded","","Palworld Fork","src/MystTiq.Desktop/ViewModels/MainWindowViewModel.cs:2299"
"Code","Hard-coded","","Palworld Fork","src/MystTiq.Desktop/ViewModels/MainWindowViewModel.cs:228"
"Code","Hard-coded","","Palworld Fork","src/MystTiq.Desktop/ViewModels/MainWindowViewModel.cs:2305"
"Code","Hard-coded","","Palworld log","src/MystTiq.Desktop/ViewModels/MainWindowViewModel.cs:5602"
"Code","Hard-coded","","Paste bot token from the Discord Developer Portal","src/MystTiq.Desktop/ViewModels/MainWindowViewModel.cs:1739"
"Code","Hard-coded","","Paste your Nexus Mods API key first (nexusmods.com > your account > API keys).","src/MystTiq.Desktop/ViewModels/MainWindowViewModel.cs:9610"
"Code","Hard-coded","","Path syntax is valid. Save Paths uses the authenticated headless configuration route for authoritative validation and rollback-safe persistence.","src/MystTiq.Desktop/ViewModels/MainWindowViewModel.cs:3094"
"Code","Hard-coded","","Path validation failed: {string.Join(","src/MystTiq.Desktop/ViewModels/MainWindowViewModel.cs:3095"
"Code","Hard-coded","","Paths saved through the managed headless configuration service.","src/MystTiq.Desktop/ViewModels/MainWindowViewModel.cs:8493"
"Code","Hard-coded","","Paths saved with rollback backup · restart the MystTiq service to apply.","src/MystTiq.Desktop/ViewModels/MainWindowViewModel.cs:8492"
"Code","Hard-coded","","Pause or resume console view","src/MystTiq.Desktop/ViewModels/MainWindowViewModel.cs:4047"
"Code","Hard-coded","","Paused · {0} visible lines","src/MystTiq.Desktop/ViewModels/MainWindowViewModel.cs:5668"
"Code","Hard-coded","","Paused until {0}. Everything still appears on the Notifications page; nothing is sent to {(ExternalChannels.Count == 0 ? ","src/MystTiq.Desktop/Models/AlertCenterDtos.cs:82"
"Code","Hard-coded","","Permanently wipe base {0}?","src/MystTiq.Desktop/MainWindow.axaml.cs:391"
"Code","Hard-coded","","Pick a source and destination player, then Preview.","src/MystTiq.Desktop/ViewModels/MainWindowViewModel.cs:177"
"Code","Hard-coded","","PID: {report.PalServerProcessId?.ToString() ?? ","src/MystTiq.Desktop/ViewModels/MainWindowViewModel.cs:3133"
"Code","Hard-coded","","PIM/Oodle Decoder","src/MystTiq.Desktop/Models/ComponentVersionDto.cs:49"
"Code","Hard-coded","","Platform: {0}","src/MystTiq.Desktop/ViewModels/MainWindowViewModel.cs:3076"
"Code","Hard-coded","","Platform: {0}{1}","src/MystTiq.Desktop/ViewModels/MainWindowViewModel.cs:8779"
"Code","Hard-coded","","Player & Pal","src/MystTiq.Desktop/ViewModels/MainWindowViewModel.cs:8019"
"Code","Hard-coded","","Player & Pal","src/MystTiq.Desktop/ViewModels/MainWindowViewModel.cs:8017"
"Code","Hard-coded","","Player & Pal","src/MystTiq.Desktop/ViewModels/MainWindowViewModel.cs:8016"
"Code","Hard-coded","","Player & Pal","src/MystTiq.Desktop/ViewModels/MainWindowViewModel.cs:8078"
"Code","Hard-coded","","Player & Pal","src/MystTiq.Desktop/ViewModels/MainWindowViewModel.cs:8015"
"Code","Hard-coded","","Player & Pal","src/MystTiq.Desktop/ViewModels/MainWindowViewModel.cs:8014"
"Code","Hard-coded","","Player & Pal","src/MystTiq.Desktop/ViewModels/MainWindowViewModel.cs:8018"
"Code","Hard-coded","","Player & Pal","src/MystTiq.Desktop/ViewModels/MainWindowViewModel.cs:8013"
"Code","Hard-coded","","Player & Pal","src/MystTiq.Desktop/ViewModels/MainWindowViewModel.cs:8020"
"Code","Hard-coded","","Player administration request failed with HTTP {0} {1}. {2}","src/MystTiq.Desktop/Services/MystTiqApiClient.cs:380"
"Code","Hard-coded","","Player Attack Damage","src/MystTiq.Desktop/ViewModels/MainWindowViewModel.cs:8013"
"Code","Hard-coded","","Player Damage Taken","src/MystTiq.Desktop/ViewModels/MainWindowViewModel.cs:8014"
"Code","Hard-coded","","Player discovery unavailable","src/MystTiq.Desktop/ViewModels/MainWindowViewModel.cs:4955"
"Code","Hard-coded","","Player Health Regeneration","src/MystTiq.Desktop/ViewModels/MainWindowViewModel.cs:8017"
"Code","Hard-coded","","Player Hunger Drain","src/MystTiq.Desktop/ViewModels/MainWindowViewModel.cs:8015"
"Code","Hard-coded","","Player Stamina Drain","src/MystTiq.Desktop/ViewModels/MainWindowViewModel.cs:8016"
"Code","Hard-coded","","Player-save identities only","src/MystTiq.Desktop/ViewModels/MainWindowViewModel.cs:9257"
"Code","Hard-coded","","Players can type {0} <name> in chat.","src/MystTiq.Desktop/ViewModels/MainWindowViewModel.cs:6708"
"Code","Hard-coded","","Players, Game Port, and REST Port must contain whole numbers.","src/MystTiq.Desktop/ViewModels/MainWindowViewModel.cs:8559"
"Code","Hard-coded","","Policy changed. Preview again before cleanup.","src/MystTiq.Desktop/ViewModels/MainWindowViewModel.cs:7883"
"Code","Hard-coded","","Port {0} ({1}) already appears to be in use.","src/MystTiq.Desktop/ViewModels/MainWindowViewModel.cs:2964"
"Code","Hard-coded","","Port {0} ({1}) is already in use by {2} (PID {result.OwningProcessId?.ToString() ?? ","src/MystTiq.Desktop/ViewModels/MainWindowViewModel.cs:2965"
"Code","Hard-coded","","PORTABLE / DEVELOPMENT","src/MystTiq.Desktop/ViewModels/MainWindowViewModel.cs:3001"
"Code","Hard-coded","","Português (Brasil)","src/MystTiq.Desktop/Services/Localizer.cs:33"
"Code","Hard-coded","","Press Load IDs to list the item and Pal ids this world knows.","src/MystTiq.Desktop/ViewModels/MainWindowViewModel.cs:6843"
"Code","Hard-coded","","Press Load IDs to list the item and Pal ids this world knows.","src/MystTiq.Desktop/ViewModels/MainWindowViewModel.cs:6776"
"Code","Hard-coded","","Preview a policy before cleanup.","src/MystTiq.Desktop/ViewModels/MainWindowViewModel.cs:99"
"Code","Hard-coded","","Preview Install","src/MystTiq.Desktop/ViewModels/MainWindowViewModel.cs:4104"
"Code","Hard-coded","","Preview Install","src/MystTiq.Desktop/Services/RibbonIcons.cs:76"
"Code","Hard-coded","","Preview installing the selected UE4SS release","src/MystTiq.Desktop/ViewModels/MainWindowViewModel.cs:4104"
"Code","Hard-coded","","Preview Plan","src/MystTiq.Desktop/ViewModels/MainWindowViewModel.cs:4245"
"Code","Hard-coded","","Preview Plan","src/MystTiq.Desktop/Services/RibbonIcons.cs:90"
"Code","Hard-coded","","Preview SteamCMD update plan","src/MystTiq.Desktop/ViewModels/MainWindowViewModel.cs:4245"
"Code","Hard-coded","","Priority {0} · efficiency mode {1} · cores {(Cores == ","src/MystTiq.Desktop/Models/HostDtos.cs:141"
"Code","Hard-coded","","Process detected","src/MystTiq.Desktop/ViewModels/MainWindowViewModel.cs:4608"
"Code","Hard-coded","","Process: {report.PalServerProcessName ?? ","src/MystTiq.Desktop/ViewModels/MainWindowViewModel.cs:3134"
"Code","Hard-coded","","Processor {0} % on average, peak {1} %","src/MystTiq.Desktop/ViewModels/MainWindowViewModel.HostHistory.cs:39"
"Code","Hard-coded","","Profile name is required.","src/MystTiq.Desktop/ViewModels/MainWindowViewModel.cs:10309"
"Code","Hard-coded","","Profile name is required.","src/MystTiq.Desktop/ViewModels/MainWindowViewModel.cs:4435"
"Code","Hard-coded","","Profile registered and restarted, but reconnecting to it failed. Try again from this step.","src/MystTiq.Desktop/ViewModels/MainWindowViewModel.cs:3701"
"Code","Hard-coded","","Profile registered, but the automatic restart failed: {0}","src/MystTiq.Desktop/ViewModels/MainWindowViewModel.cs:3692"
"Code","Hard-coded","","Profile registered. Restarting the local MystTiq service to bring it online…","src/MystTiq.Desktop/ViewModels/MainWindowViewModel.cs:3688"
"Code","Hard-coded","","Profile: {0}","src/MystTiq.Desktop/ViewModels/MainWindowViewModel.cs:3077"
"Code","Hard-coded","","Profiles: {0}","src/MystTiq.Desktop/ViewModels/MainWindowViewModel.cs:695"
"Code","Hard-coded","","PyPI: ","src/MystTiq.Desktop/Models/ComponentVersionDto.cs:52"
"Code","Hard-coded","","Python Runtime","src/MystTiq.Desktop/Models/ComponentVersionDto.cs:46"
"Code","Hard-coded","","Python: {diagnostics.PythonPath ?? ","src/MystTiq.Desktop/ViewModels/MainWindowViewModel.cs:7223"
"Code","Hard-coded","","Quick Actions","src/MystTiq.Desktop/ViewModels/MainWindowViewModel.cs:4012"
"Code","Hard-coded","","Ranch Action Speed","src/MystTiq.Desktop/ViewModels/MainWindowViewModel.cs:8024"
"Code","Hard-coded","","RCON command failed with HTTP {0} {1}.","src/MystTiq.Desktop/Services/MystTiqApiClient.cs:271"
"Code","Hard-coded","","RCON doctor failed with HTTP {0} {1}.","src/MystTiq.Desktop/Services/MystTiqApiClient.cs:262"
"Code","Hard-coded","","RCON Enabled","src/MystTiq.Desktop/ViewModels/MainWindowViewModel.cs:8034"
"Code","Hard-coded","","RCON is deprecated by Palworld; use it only when required by a legacy workflow.","src/MystTiq.Desktop/ViewModels/MainWindowViewModel.cs:86"
"Code","Hard-coded","","RCON Port","src/MystTiq.Desktop/ViewModels/MainWindowViewModel.cs:8039"
"Code","Hard-coded","","RCON: Checking","src/MystTiq.Desktop/ViewModels/MainWindowViewModel.cs:271"
"Code","Hard-coded","","RCON: Disabled","src/MystTiq.Desktop/ViewModels/MainWindowViewModel.cs:5781"
"Code","Hard-coded","","RCON: Enabled{(string.IsNullOrWhiteSpace(rconPort) ? string.Empty : $","src/MystTiq.Desktop/ViewModels/MainWindowViewModel.cs:5780"
"Code","Hard-coded","","Re-read base locations from the world save","src/MystTiq.Desktop/ViewModels/MainWindowViewModel.cs:4159"
"Code","Hard-coded","","Read {0}. Updates every few seconds while this page is open.","src/MystTiq.Desktop/ViewModels/MainWindowViewModel.Host.cs:140"
"Code","Hard-coded","","Read the machine again","src/MystTiq.Desktop/ViewModels/MainWindowViewModel.cs:4229"
"Code","Hard-coded","","Reading base locations from the decoded world save…","src/MystTiq.Desktop/ViewModels/MainWindowViewModel.cs:5567"
"Code","Hard-coded","","Reading the item and Pal ids from the world save…","src/MystTiq.Desktop/ViewModels/MainWindowViewModel.cs:6823"
"Code","Hard-coded","","Ready · {0} online","src/MystTiq.Desktop/ViewModels/MainWindowViewModel.cs:4955"
"Code","Hard-coded","","Ready: ","src/MystTiq.Desktop/ViewModels/MainWindowViewModel.cs:6571"
"Code","Hard-coded","","Ready. Choose your world archive below, Analyze it, then Apply to replace this placeholder world.","src/MystTiq.Desktop/ViewModels/MainWindowViewModel.cs:3776"
"Code","Hard-coded","","Recent activity: {0} action blocked honestly · {1}.","src/MystTiq.Desktop/ViewModels/MainWindowViewModel.cs:8648"
"Code","Hard-coded","","Recent activity: {0} already installed — opening Update Center · {1}.","src/MystTiq.Desktop/ViewModels/MainWindowViewModel.cs:8674"
"Code","Hard-coded","","Recent activity: Create default settings {(result.Success ? ","src/MystTiq.Desktop/ViewModels/MainWindowViewModel.cs:8590"
"Code","Hard-coded","","Recent activity: Install missing · {0}.","src/MystTiq.Desktop/ViewModels/MainWindowViewModel.cs:8637"
"Code","Hard-coded","","Recent activity: Install missing skipped, nothing missing · {0}.","src/MystTiq.Desktop/ViewModels/MainWindowViewModel.cs:8623"
"Code","Hard-coded","","Recent activity: None during this session.","src/MystTiq.Desktop/ViewModels/MainWindowViewModel.cs:380"
"Code","Hard-coded","","Recent activity: Verify environment · {0}.","src/MystTiq.Desktop/ViewModels/MainWindowViewModel.cs:8543"
"Code","Hard-coded","","Recommendation: {0}","src/MystTiq.Desktop/ViewModels/MainWindowViewModel.cs:7714"
"Code","Hard-coded","","Refresh alert center","src/MystTiq.Desktop/ViewModels/MainWindowViewModel.cs:4208"
"Code","Hard-coded","","Refresh automation","src/MystTiq.Desktop/ViewModels/MainWindowViewModel.cs:4201"
"Code","Hard-coded","","Refresh backups","src/MystTiq.Desktop/ViewModels/MainWindowViewModel.cs:4065"
"Code","Hard-coded","","Refresh Bases","src/MystTiq.Desktop/Services/RibbonIcons.cs:80"
"Code","Hard-coded","","Refresh Bases","src/MystTiq.Desktop/ViewModels/MainWindowViewModel.cs:4159"
"Code","Hard-coded","","Refresh console view","src/MystTiq.Desktop/ViewModels/MainWindowViewModel.cs:4046"
"Code","Hard-coded","","Refresh crash history","src/MystTiq.Desktop/ViewModels/MainWindowViewModel.cs:4236"
"Code","Hard-coded","","Refresh distribution status","src/MystTiq.Desktop/ViewModels/MainWindowViewModel.cs:4244"
"Code","Hard-coded","","Refresh Evidence","src/MystTiq.Desktop/Services/RibbonIcons.cs:87"
"Code","Hard-coded","","Refresh Evidence","src/MystTiq.Desktop/ViewModels/MainWindowViewModel.cs:4151"
"Code","Hard-coded","","Refresh fleet","src/MystTiq.Desktop/ViewModels/MainWindowViewModel.cs:4222"
"Code","Hard-coded","","Refresh guild and base evidence","src/MystTiq.Desktop/ViewModels/MainWindowViewModel.cs:4151"
"Code","Hard-coded","","Refresh History","src/MystTiq.Desktop/ViewModels/MainWindowViewModel.cs:4236"
"Code","Hard-coded","","Refresh History","src/MystTiq.Desktop/Services/RibbonIcons.cs:87"
"Code","Hard-coded","","Refresh Map","src/MystTiq.Desktop/Services/RibbonIcons.cs:87"
"Code","Hard-coded","","Refresh Map","src/MystTiq.Desktop/ViewModels/MainWindowViewModel.cs:4158"
"Code","Hard-coded","","Refresh MODs","src/MystTiq.Desktop/Services/RibbonIcons.cs:86"
"Code","Hard-coded","","Refresh MODs","src/MystTiq.Desktop/ViewModels/MainWindowViewModel.cs:4076"
"Code","Hard-coded","","Refresh MODs","src/MystTiq.Desktop/ViewModels/MainWindowViewModel.cs:4076"
"Code","Hard-coded","","Refresh notifications","src/MystTiq.Desktop/ViewModels/MainWindowViewModel.cs:4191"
"Code","Hard-coded","","Refresh online players and base locations","src/MystTiq.Desktop/ViewModels/MainWindowViewModel.cs:4158"
"Code","Hard-coded","","Refresh operation platform","src/MystTiq.Desktop/ViewModels/MainWindowViewModel.cs:4144"
"Code","Hard-coded","","Refresh Ops","src/MystTiq.Desktop/ViewModels/MainWindowViewModel.cs:4144"
"Code","Hard-coded","","Refresh Ops","src/MystTiq.Desktop/Services/RibbonIcons.cs:87"
"Code","Hard-coded","","Refresh Pals, select one, and adjust its fields below.","src/MystTiq.Desktop/ViewModels/MainWindowViewModel.cs:2172"
"Code","Hard-coded","","Refresh Pals, select one, and adjust its fields below.","src/MystTiq.Desktop/ViewModels/MainWindowViewModel.cs:204"
"Code","Hard-coded","","Refresh Runtime","src/MystTiq.Desktop/ViewModels/MainWindowViewModel.cs:4103"
"Code","Hard-coded","","Refresh Runtime","src/MystTiq.Desktop/Services/RibbonIcons.cs:86"
"Code","Hard-coded","","Refresh Runtime also checks the release catalog.","src/MystTiq.Desktop/ViewModels/MainWindowViewModel.cs:229"
"Code","Hard-coded","","Refresh save tools","src/MystTiq.Desktop/ViewModels/MainWindowViewModel.cs:4183"
"Code","Hard-coded","","Refresh security","src/MystTiq.Desktop/ViewModels/MainWindowViewModel.cs:4215"
"Code","Hard-coded","","Refresh to scan local Steam Workshop content.","src/MystTiq.Desktop/ViewModels/MainWindowViewModel.cs:238"
"Code","Hard-coded","","Refresh UE4SS runtime","src/MystTiq.Desktop/ViewModels/MainWindowViewModel.cs:4103"
"Code","Hard-coded","","Refresh workspace paths","src/MystTiq.Desktop/ViewModels/MainWindowViewModel.cs:4056"
"Code","Hard-coded","","Refresh World","src/MystTiq.Desktop/Services/RibbonIcons.cs:86"
"Code","Hard-coded","","Refresh World","src/MystTiq.Desktop/ViewModels/MainWindowViewModel.cs:4135"
"Code","Hard-coded","","Refresh world explorer","src/MystTiq.Desktop/ViewModels/MainWindowViewModel.cs:4135"
"Code","Hard-coded","","Refreshing every server prerequisite through the headless management API.","src/MystTiq.Desktop/ViewModels/MainWindowViewModel.cs:8537"
"Code","Hard-coded","","Refusing to download from a host that is not a Nexus Mods domain.","src/MystTiq.Desktop/Services/NexusModsClient.cs:83"
"Code","Hard-coded","","Registering a new server profile…","src/MystTiq.Desktop/ViewModels/MainWindowViewModel.cs:3641"
"Code","Hard-coded","","Relaxed QoL","src/MystTiq.Desktop/ViewModels/MainWindowViewModel.cs:8138"
"Code","Hard-coded","","Relaxed QoL","src/MystTiq.Desktop/ViewModels/MainWindowViewModel.cs:8263"
"Code","Hard-coded","","Relaxed QoL","src/MystTiq.Desktop/ViewModels/MainWindowViewModel.cs:371"
"Code","Hard-coded","","Remote backup root: {0}. Use the server-side inventory; MystTiq will not open a path on the GUI computer.","src/MystTiq.Desktop/ViewModels/MainWindowViewModel.cs:7890"
"Code","Hard-coded","","Remote profile: paths belong to the managed server; local browse/open actions are disabled.","src/MystTiq.Desktop/ViewModels/MainWindowViewModel.cs:1505"
"Code","Hard-coded","","Remove Broken Member","src/MystTiq.Desktop/ViewModels/MainWindowViewModel.cs:2198"
"Code","Hard-coded","","Remove Broken Member","src/MystTiq.Desktop/ViewModels/MainWindowViewModel.cs:2230"
"Code","Hard-coded","","Remove Member","src/MystTiq.Desktop/MainWindow.axaml.cs:414"
"Code","Hard-coded","","Remove which broken member reference from {0}?","src/MystTiq.Desktop/MainWindow.axaml.cs:414"
"Code","Hard-coded","","Removed by administrator.","src/MystTiq.Desktop/ViewModels/MainWindowViewModel.cs:349"
"Code","Hard-coded","","Repair failed","src/MystTiq.Desktop/ViewModels/MainWindowViewModel.cs:9786"
"Code","Hard-coded","","Repair failed","src/MystTiq.Desktop/ViewModels/MainWindowViewModel.cs:9793"
"Code","Hard-coded","","Repair Firewall","src/MystTiq.Desktop/Services/RibbonIcons.cs:80"
"Code","Hard-coded","","Repair Firewall","src/MystTiq.Desktop/ViewModels/MainWindowViewModel.cs:4175"
"Code","Hard-coded","","Required server distribution is ready","src/MystTiq.Desktop/ViewModels/MainWindowViewModel.cs:8636"
"Code","Hard-coded","","Required world files are present and no structural issue was detected.","src/MystTiq.Desktop/ViewModels/MainWindowViewModel.cs:9183"
"Code","Hard-coded","","Reset (not yet available)","src/MystTiq.Desktop/ViewModels/MainWindowViewModel.cs:1439"
"Code","Hard-coded","","Reset unsaved configuration changes","src/MystTiq.Desktop/ViewModels/MainWindowViewModel.cs:4039"
"Code","Hard-coded","","Resolved to {string.Join(","src/MystTiq.Desktop/Services/LocalDiagnosticsService.cs:44"
"Code","Hard-coded","","Resource Respawn","src/MystTiq.Desktop/ViewModels/MainWindowViewModel.cs:8022"
"Code","Hard-coded","","REST API","src/MystTiq.Desktop/ViewModels/MainWindowViewModel.cs:8651"
"Code","Hard-coded","","REST API Enabled","src/MystTiq.Desktop/ViewModels/MainWindowViewModel.cs:8033"
"Code","Hard-coded","","REST API Port","src/MystTiq.Desktop/ViewModels/MainWindowViewModel.cs:8039"
"Code","Hard-coded","","REST available / 0 online","src/MystTiq.Desktop/ViewModels/MainWindowViewModel.cs:5228"
"Code","Hard-coded","","REST unavailable","src/MystTiq.Desktop/ViewModels/MainWindowViewModel.cs:5229"
"Code","Hard-coded","","REST: Checking","src/MystTiq.Desktop/ViewModels/MainWindowViewModel.cs:270"
"Code","Hard-coded","","Restart server","src/MystTiq.Desktop/ViewModels/MainWindowViewModel.cs:4176"
"Code","Hard-coded","","Restart Server","src/MystTiq.Desktop/ViewModels/MainWindowViewModel.cs:4176"
"Code","Hard-coded","","Restart Server","src/MystTiq.Desktop/Services/RibbonIcons.cs:88"
"Code","Hard-coded","","Restart server","src/MystTiq.Desktop/ViewModels/MainWindowViewModel.cs:4009"
"Code","Hard-coded","","Restarted. '{0}' is now online.","src/MystTiq.Desktop/ViewModels/MainWindowViewModel.cs:7083"
"Code","Hard-coded","","Restarting the local MystTiq service to bring the new server online…","src/MystTiq.Desktop/ViewModels/MainWindowViewModel.cs:7072"
"Code","Hard-coded","","Restoring backup…","src/MystTiq.Desktop/ViewModels/MainWindowViewModel.cs:7795"
"Code","Hard-coded","","Restoring saved tabs failed: {0}","src/MystTiq.Desktop/ViewModels/MainWindowViewModel.cs:688"
"Code","Hard-coded","","Review the first-run values and confirm that a new PalWorldSettings.ini should be created.","src/MystTiq.Desktop/ViewModels/MainWindowViewModel.cs:8551"
"Code","Hard-coded","","Revoked principal '{0}'.","src/MystTiq.Desktop/ViewModels/MainWindowViewModel.cs:6317"
"Code","Hard-coded","","Right-click a player for administration actions.","src/MystTiq.Desktop/ViewModels/MainWindowViewModel.cs:345"
"Code","Hard-coded","","Rollback failed","src/MystTiq.Desktop/ViewModels/MainWindowViewModel.cs:9774"
"Code","Hard-coded","","ROUTER UNREACHABLE","src/MystTiq.Desktop/Models/NetworkDiagnosticDtos.cs:22"
"Code","Hard-coded","","Rule '{0}' dispatched. Refresh runs shortly to see the result.","src/MystTiq.Desktop/ViewModels/MainWindowViewModel.cs:6107"
"Code","Hard-coded","","Rule '{0}' is now {(updated.Enabled ? ","src/MystTiq.Desktop/ViewModels/MainWindowViewModel.cs:6094"
"Code","Hard-coded","","Run Analysis","src/MystTiq.Desktop/Services/RibbonIcons.cs:90"
"Code","Hard-coded","","Run Analysis","src/MystTiq.Desktop/ViewModels/MainWindowViewModel.cs:4237"
"Code","Hard-coded","","Run analysis to inspect bounded recent server-log evidence.","src/MystTiq.Desktop/ViewModels/MainWindowViewModel.cs:341"
"Code","Hard-coded","","Run Diagnostics","src/MystTiq.Desktop/ViewModels/MainWindowViewModel.cs:4174"
"Code","Hard-coded","","Run Diagnostics","src/MystTiq.Desktop/ViewModels/MainWindowViewModel.cs:245"
"Code","Hard-coded","","Run Diagnostics","src/MystTiq.Desktop/Services/RibbonIcons.cs:81"
"Code","Hard-coded","","Run Doctor","src/MystTiq.Desktop/Services/RibbonIcons.cs:77"
"Code","Hard-coded","","Run Doctor","src/MystTiq.Desktop/ViewModels/MainWindowViewModel.cs:4113"
"Code","Hard-coded","","Run doctor and refresh","src/MystTiq.Desktop/ViewModels/MainWindowViewModel.cs:4113"
"Code","Hard-coded","","Run network diagnostics","src/MystTiq.Desktop/ViewModels/MainWindowViewModel.cs:4174"
"Code","Hard-coded","","Run Reachability Check","src/MystTiq.Desktop/ViewModels/MainWindowViewModel.cs:250"
"Code","Hard-coded","","Run save tools self-tests","src/MystTiq.Desktop/ViewModels/MainWindowViewModel.cs:4184"
"Code","Hard-coded","","Running (local discovery)","src/MystTiq.Desktop/ViewModels/MainWindowViewModel.cs:4614"
"Code","Hard-coded","","Running (local discovery)","src/MystTiq.Desktop/ViewModels/MainWindowViewModel.cs:4874"
"Code","Hard-coded","","Running / Ready","src/MystTiq.Desktop/ViewModels/MainWindowViewModel.cs:10227"
"Code","Hard-coded","","Running bounded server-side self-tests…","src/MystTiq.Desktop/ViewModels/MainWindowViewModel.cs:7212"
"Code","Hard-coded","","Runtime root","src/MystTiq.Desktop/ViewModels/MainWindowViewModel.cs:3091"
"Code","Hard-coded","","Runtime root: {0}","src/MystTiq.Desktop/ViewModels/MainWindowViewModel.cs:3081"
"Code","Hard-coded","","Runtime: {0}","src/MystTiq.Desktop/ViewModels/MainWindowViewModel.cs:3132"
"Code","Hard-coded","","Save configuration changes","src/MystTiq.Desktop/ViewModels/MainWindowViewModel.cs:4038"
"Code","Hard-coded","","Save found","src/MystTiq.Desktop/Models/PlayerGuildExplorerDtos.cs:21"
"Code","Hard-coded","","Save Tools","src/MystTiq.Desktop/ViewModels/MainWindowViewModel.cs:4181"
"Code","Hard-coded","","Save World Now failed with HTTP {0} {1}.","src/MystTiq.Desktop/Services/MystTiqApiClient.cs:307"
"Code","Hard-coded","","save written {0}","src/MystTiq.Desktop/ViewModels/MainWindowViewModel.cs:5426"
"Code","Hard-coded","","Save: —","src/MystTiq.Desktop/ViewModels/MainWindowViewModel.cs:268"
"Code","Hard-coded","","Saved · restart MystTiq service to apply","src/MystTiq.Desktop/ViewModels/MainWindowViewModel.cs:8489"
"Code","Hard-coded","","Saved the current settings locally as preset ""{0}"".","src/MystTiq.Desktop/ViewModels/MainWindowViewModel.cs:8279"
"Code","Hard-coded","","Saved token forgotten for '{0}'. It will need to be entered again next time.","src/MystTiq.Desktop/ViewModels/MainWindowViewModel.cs:4495"
"Code","Hard-coded","","Saved, but the server is running: it takes effect at the next start. Restart the server to apply it now.","src/MystTiq.Desktop/ViewModels/MainWindowViewModel.Bandwidth.cs:62"
"Code","Hard-coded","","Saving notes…","src/MystTiq.Desktop/ViewModels/MainWindowViewModel.cs:5122"
"Code","Hard-coded","","Saving PalWorldSettings.ini…","src/MystTiq.Desktop/ViewModels/MainWindowViewModel.cs:8379"
"Code","Hard-coded","","Saving the key is only supported on Windows; it stays in memory for this session.","src/MystTiq.Desktop/ViewModels/MainWindowViewModel.cs:9630"
"Code","Hard-coded","","Saving world…","src/MystTiq.Desktop/ViewModels/MainWindowViewModel.cs:7485"
"Code","Hard-coded","","Scan for every Palworld process on this machine","src/MystTiq.Desktop/ViewModels/MainWindowViewModel.cs:4121"
"Code","Hard-coded","","Scanning local IPv4 networks for MystTiq services…","src/MystTiq.Desktop/ViewModels/MainWindowViewModel.cs:4546"
"Code","Hard-coded","","Scanning local Steam Workshop content…","src/MystTiq.Desktop/ViewModels/MainWindowViewModel.cs:9801"
"Code","Hard-coded","","Seen at {0}.","src/MystTiq.Desktop/Models/CrashAndSaveToolsDtos.cs:34"
"Code","Hard-coded","","Segoe UI","src/MystTiq.Desktop/Services/Localizer.cs:56"
"Code","Hard-coded","","Select {0} folder","src/MystTiq.Desktop/MainWindow.axaml.cs:563"
"Code","Hard-coded","","Select a base above and enter the target guild's ID.","src/MystTiq.Desktop/ViewModels/MainWindowViewModel.cs:2185"
"Code","Hard-coded","","Select a base above and enter the target guild's ID.","src/MystTiq.Desktop/ViewModels/MainWindowViewModel.cs:210"
"Code","Hard-coded","","Select a base above, then preview to see how many owned records will be removed.","src/MystTiq.Desktop/ViewModels/MainWindowViewModel.cs:2189"
"Code","Hard-coded","","Select a base above, then preview to see how many owned records will be removed.","src/MystTiq.Desktop/ViewModels/MainWindowViewModel.cs:213"
"Code","Hard-coded","","Select a guild, choose an operation, and enter the target player's ID.","src/MystTiq.Desktop/ViewModels/MainWindowViewModel.cs:2207"
"Code","Hard-coded","","Select a guild, choose an operation, and enter the target player's ID.","src/MystTiq.Desktop/ViewModels/MainWindowViewModel.cs:2146"
"Code","Hard-coded","","Select a guild, choose an operation, and enter the target player's ID.","src/MystTiq.Desktop/ViewModels/MainWindowViewModel.cs:192"
"Code","Hard-coded","","Select a map background image","src/MystTiq.Desktop/MainWindow.axaml.cs:820"
"Code","Hard-coded","","Select a mod first.","src/MystTiq.Desktop/ViewModels/MainWindowViewModel.cs:9760"
"Code","Hard-coded","","Select a player first.","src/MystTiq.Desktop/ViewModels/MainWindowViewModel.cs:7539"
"Code","Hard-coded","","Select a player first.","src/MystTiq.Desktop/ViewModels/MainWindowViewModel.cs:7457"
"Code","Hard-coded","","Select a player first.","src/MystTiq.Desktop/ViewModels/MainWindowViewModel.cs:7276"
"Code","Hard-coded","","Select a player first.","src/MystTiq.Desktop/ViewModels/MainWindowViewModel.cs:7239"
"Code","Hard-coded","","Select a player to load notes and warnings.","src/MystTiq.Desktop/ViewModels/MainWindowViewModel.cs:174"
"Code","Hard-coded","","Select a player to load notes and warnings.","src/MystTiq.Desktop/ViewModels/MainWindowViewModel.cs:1386"
"Code","Hard-coded","","Select a release, then Preview Install.","src/MystTiq.Desktop/ViewModels/MainWindowViewModel.cs:232"
"Code","Hard-coded","","Select an account first.","src/MystTiq.Desktop/ViewModels/MainWindowViewModel.cs:6268"
"Code","Hard-coded","","Select an account first.","src/MystTiq.Desktop/ViewModels/MainWindowViewModel.cs:6251"
"Code","Hard-coded","","Select an account first.","src/MystTiq.Desktop/ViewModels/MainWindowViewModel.cs:6262"
"Code","Hard-coded","","Select an online player first (click a green dot or a name). Their current position becomes the point.","src/MystTiq.Desktop/ViewModels/MainWindowViewModel.cs:6740"
"Code","Hard-coded","","Select an online player first.","src/MystTiq.Desktop/ViewModels/MainWindowViewModel.cs:6757"
"Code","Hard-coded","","Select an operation above or use an action in the component checklist.","src/MystTiq.Desktop/ViewModels/MainWindowViewModel.cs:379"
"Code","Hard-coded","","Select install directory","src/MystTiq.Desktop/MainWindow.axaml.cs:548"
"Code","Hard-coded","","Select or create a kit under Starter Kits first.","src/MystTiq.Desktop/ViewModels/MainWindowViewModel.cs:6869"
"Code","Hard-coded","","Select SteamCMD executable","src/MystTiq.Desktop/MainWindow.axaml.cs:557"
"Code","Hard-coded","","Selection changed. Preview Install again before confirming.","src/MystTiq.Desktop/ViewModels/MainWindowViewModel.cs:2335"
"Code","Hard-coded","","Sending {0} for {1}…","src/MystTiq.Desktop/ViewModels/MainWindowViewModel.cs:7258"
"Code","Hard-coded","","server {0}","src/MystTiq.Desktop/Models/RbacDtos.cs:27"
"Code","Hard-coded","","Server Control","src/MystTiq.Desktop/ViewModels/MainWindowViewModel.cs:4005"
"Code","Hard-coded","","SERVER READY","src/MystTiq.Desktop/ViewModels/MainWindowViewModel.cs:3003"
"Code","Hard-coded","","Server root","src/MystTiq.Desktop/ViewModels/MainWindowViewModel.cs:3091"
"Code","Hard-coded","","Server root: {0}","src/MystTiq.Desktop/ViewModels/MainWindowViewModel.cs:3081"
"Code","Hard-coded","","Server root: {0}{1}","src/MystTiq.Desktop/ViewModels/MainWindowViewModel.cs:8781"
"Code","Hard-coded","","ServerName is not present in the active configuration.","src/MystTiq.Desktop/ViewModels/MainWindowViewModel.cs:8195"
"Code","Hard-coded","","Session {0}","src/MystTiq.Desktop/ViewModels/MainWindowViewModel.cs:10255"
"Code","Hard-coded","","Set Up New Server","src/MystTiq.Desktop/MainWindow.axaml.cs:138"
"Code","Hard-coded","","Set Up New Server","src/MystTiq.Desktop/MainWindow.axaml.cs:176"
"Code","Hard-coded","","Sets the time between supply drops.","src/MystTiq.Desktop/ViewModels/MainWindowViewModel.cs:8011"
"Code","Hard-coded","","Setting up a new local Palworld server installation.","src/MystTiq.Desktop/ViewModels/MainWindowViewModel.cs:3800"
"Code","Hard-coded","","Setup required","src/MystTiq.Desktop/ViewModels/MainWindowViewModel.cs:4650"
"Code","Hard-coded","","Setup required","src/MystTiq.Desktop/ViewModels/MainWindowViewModel.cs:8699"
"Code","Hard-coded","","Showing the first {0} of {1} matches. Type more of the name to narrow it down.","src/MystTiq.Desktop/ViewModels/MainWindowViewModel.cs:6857"
"Code","Hard-coded","","Shutdown 60 Server restarting","src/MystTiq.Desktop/ViewModels/MainWindowViewModel.cs:1286"
"Code","Hard-coded","","Signed in as {(string.IsNullOrWhiteSpace(role) ? ","src/MystTiq.Desktop/Services/RoleAccess.cs:31"
"Code","Hard-coded","","Signed in as {0} ({1}). {2} principal(s) issued.","src/MystTiq.Desktop/ViewModels/MainWindowViewModel.cs:6286"
"Code","Hard-coded","","Signed in as {0} ({1}){(p.ExpiresUtc is {2} until ? $","src/MystTiq.Desktop/ViewModels/MainWindowViewModel.cs:6131"
"Code","Hard-coded","","Signed out","src/MystTiq.Desktop/ViewModels/MainWindowViewModel.cs:6208"
"Code","Hard-coded","","Signed out. The session token was ended on the server and forgotten here.","src/MystTiq.Desktop/ViewModels/MainWindowViewModel.cs:6209"
"Code","Hard-coded","","Standalone headless API","src/MystTiq.Desktop/ViewModels/MainWindowViewModel.cs:10262"
"Code","Hard-coded","","Standalone headless API","src/MystTiq.Desktop/ViewModels/MainWindowViewModel.cs:4515"
"Code","Hard-coded","","Start blocked: PalServer executable was not found. {0}","src/MystTiq.Desktop/ViewModels/MainWindowViewModel.cs:10032"
"Code","Hard-coded","","Start preflight failed: {0}","src/MystTiq.Desktop/ViewModels/MainWindowViewModel.cs:10039"
"Code","Hard-coded","","Start server","src/MystTiq.Desktop/ViewModels/MainWindowViewModel.cs:4008"
"Code","Hard-coded","","Started a fresh MystTiq {probe.Version ?? ","src/MystTiq.Desktop/Services/LocalManagementBootstrapper.cs:142"
"Code","Hard-coded","","Started the packaged MystTiq headless API for this machine ({probe.Version ?? ","src/MystTiq.Desktop/Services/LocalManagementBootstrapper.cs:143"
"Code","Hard-coded","","Starting / Not Ready","src/MystTiq.Desktop/ViewModels/MainWindowViewModel.cs:10231"
"Code","Hard-coded","","Starting local MystTiq management API…","src/MystTiq.Desktop/ViewModels/MainWindowViewModel.cs:4506"
"Code","Hard-coded","","Starting the server once to generate its initial world…","src/MystTiq.Desktop/ViewModels/MainWindowViewModel.cs:3748"
"Code","Hard-coded","","Starts the server once so Palworld can generate its initial world, then stops it so that placeholder world can be safely replaced with your own.","src/MystTiq.Desktop/ViewModels/MainWindowViewModel.cs:910"
"Code","Hard-coded","","State change failed","src/MystTiq.Desktop/ViewModels/MainWindowViewModel.cs:9491"
"Code","Hard-coded","","State: {0}","src/MystTiq.Desktop/ViewModels/MainWindowViewModel.cs:3080"
"Code","Hard-coded","","Status channel","src/MystTiq.Desktop/ViewModels/MainWindowViewModel.cs:6422"
"Code","Hard-coded","","Status unavailable — {0}","src/MystTiq.Desktop/ViewModels/MainWindowViewModel.cs:4759"
"Code","Hard-coded","","Status: {0}","src/MystTiq.Desktop/ViewModels/MainWindowViewModel.cs:7713"
"Code","Hard-coded","","Steam {0}","src/MystTiq.Desktop/Models/MonitoringDtos.cs:22"
"Code","Hard-coded","","SteamCMD and the Palworld Dedicated Server are already installed. Use Update Center to check for or apply updates.","src/MystTiq.Desktop/ViewModels/MainWindowViewModel.cs:8622"
"Code","Hard-coded","","SteamCMD plan refreshed. No server files were changed.","src/MystTiq.Desktop/ViewModels/MainWindowViewModel.cs:8785"
"Code","Hard-coded","","SteamCMD: {0}","src/MystTiq.Desktop/ViewModels/MainWindowViewModel.cs:3081"
"Code","Hard-coded","","SteamCMD: {0}{1}","src/MystTiq.Desktop/ViewModels/MainWindowViewModel.cs:8780"
"Code","Hard-coded","","Step 1 of 3 — Local Service","src/MystTiq.Desktop/ViewModels/MainWindowViewModel.cs:799"
"Code","Hard-coded","","Step 1 of 3 — Remote Connection Details","src/MystTiq.Desktop/ViewModels/MainWindowViewModel.cs:798"
"Code","Hard-coded","","Step 1 of 8 — Preparing MystTiq","src/MystTiq.Desktop/ViewModels/MainWindowViewModel.cs:799"
"Code","Hard-coded","","Step 2 of 3 — In-Game Server Defaults (new server only)","src/MystTiq.Desktop/ViewModels/MainWindowViewModel.cs:804"
"Code","Hard-coded","","Step 3 of 3 — Confirm & Finish","src/MystTiq.Desktop/ViewModels/MainWindowViewModel.cs:805"
"Code","Hard-coded","","Step 8 of 8 — Confirm & Finish","src/MystTiq.Desktop/ViewModels/MainWindowViewModel.cs:805"
"Code","Hard-coded","","Stop server","src/MystTiq.Desktop/ViewModels/MainWindowViewModel.cs:4010"
"Code","Hard-coded","","Stopped / Not ready","src/MystTiq.Desktop/ViewModels/MainWindowViewModel.cs:10232"
"Code","Hard-coded","","Stopped / Not ready","src/MystTiq.Desktop/Models/FleetDtos.cs:19"
"Code","Hard-coded","","Stopped intentionally or awaiting start.","src/MystTiq.Desktop/ViewModels/MainWindowViewModel.cs:10254"
"Code","Hard-coded","","Stopping PalServer safely before exit…","src/MystTiq.Desktop/ViewModels/MainWindowViewModel.cs:10110"
"Code","Hard-coded","","Stopping the server so its world can be safely replaced…","src/MystTiq.Desktop/ViewModels/MainWindowViewModel.cs:3771"
"Code","Hard-coded","","Summoning {0} to you…","src/MystTiq.Desktop/ViewModels/MainWindowViewModel.cs:7466"
"Code","Hard-coded","","Supply Drop Interval","src/MystTiq.Desktop/ViewModels/MainWindowViewModel.cs:8011"
"Code","Hard-coded","","system default","src/MystTiq.Desktop/Models/HostDtos.cs:213"
"Code","Hard-coded","","TCP Connect","src/MystTiq.Desktop/Services/LocalDiagnosticsService.cs:67"
"Code","Hard-coded","","TCP Connect","src/MystTiq.Desktop/Services/LocalDiagnosticsService.cs:62"
"Code","Hard-coded","","Teleport points not loaded yet.","src/MystTiq.Desktop/ViewModels/MainWindowViewModel.cs:6663"
"Code","Hard-coded","","Teleport request failed with HTTP {0} {1}.","src/MystTiq.Desktop/Services/MystTiqApiClient.cs:289"
"Code","Hard-coded","","Teleport request failed with HTTP {0} {1}.","src/MystTiq.Desktop/Services/MystTiqApiClient.cs:298"
"Code","Hard-coded","","Teleport requires a currently online player.","src/MystTiq.Desktop/ViewModels/MainWindowViewModel.cs:7458"
"Code","Hard-coded","","Teleporting by chat command is off.","src/MystTiq.Desktop/ViewModels/MainWindowViewModel.cs:6708"
"Code","Hard-coded","","Teleporting to {0}…","src/MystTiq.Desktop/ViewModels/MainWindowViewModel.cs:7466"
"Code","Hard-coded","","Temporary ban cancelled by administrator.","src/MystTiq.Desktop/ViewModels/MainWindowViewModel.cs:7576"
"Code","Hard-coded","","Temporary ban requires a currently online player.","src/MystTiq.Desktop/ViewModels/MainWindowViewModel.cs:7540"
"Code","Hard-coded","","Terminating PID {0}…","src/MystTiq.Desktop/ViewModels/MainWindowViewModel.cs:7656"
"Code","Hard-coded","","Text file","src/MystTiq.Desktop/MainWindow.axaml.cs:840"
"Code","Hard-coded","","Text report","src/MystTiq.Desktop/MainWindow.axaml.cs:768"
"Code","Hard-coded","","Text report","src/MystTiq.Desktop/MainWindow.axaml.cs:499"
"Code","Hard-coded","","That download is not a ZIP archive, so MystTiq will not install it.","src/MystTiq.Desktop/ViewModels/MainWindowViewModel.cs:9741"
"Code","Hard-coded","","That file is a .{0} archive. MystTiq installs .zip only: extract it, re-zip it, then use Install MOD ZIP.","src/MystTiq.Desktop/ViewModels/MainWindowViewModel.cs:9740"
"Code","Hard-coded","","That is more than 80 % of your upload: a full server could fill it and everyone would lag. A lower limit per player keeps room.","src/MystTiq.Desktop/ViewModels/MainWindowViewModel.Bandwidth.cs:57"
"Code","Hard-coded","","That mod has no current files.","src/MystTiq.Desktop/ViewModels/MainWindowViewModel.cs:9701"
"Code","Hard-coded","","That nxm:// link has expired. Click Mod Manager Download on Nexus again for a fresh one.","src/MystTiq.Desktop/Services/NexusModsClient.cs:148"
"Code","Hard-coded","","That player is not in the loaded player list yet. Refresh Players, then click again.","src/MystTiq.Desktop/ViewModels/MainWindowViewModel.cs:5589"
"Code","Hard-coded","","The authenticated headless service is validating the request and will refuse to overwrite an active configuration.","src/MystTiq.Desktop/ViewModels/MainWindowViewModel.cs:8570"
"Code","Hard-coded","","The decoded world save lists no base coordinates.","src/MystTiq.Desktop/ViewModels/MainWindowViewModel.cs:5554"
"Code","Hard-coded","","The download exceeded the {0} MB limit and was stopped.","src/MystTiq.Desktop/Services/NexusModsClient.cs:101"
"Code","Hard-coded","","The download server answered {0}.","src/MystTiq.Desktop/Services/NexusModsClient.cs:88"
"Code","Hard-coded","","The endpoint answered health checks but is not a compatible MystTiq management API (component={0}, apiVersion={1}).","src/MystTiq.Desktop/ViewModels/MainWindowViewModel.cs:4798"
"Code","Hard-coded","","The endpoint answered health checks but is not a compatible MystTiq management API (component={0}, apiVersion={1}).","src/MystTiq.Desktop/ViewModels/MainWindowViewModel.cs:4406"
"Code","Hard-coded","","The file is {0} MB, over the {1} MB limit.","src/MystTiq.Desktop/Services/NexusModsClient.cs:90"
"Code","Hard-coded","","The game's own limits (default)","src/MystTiq.Desktop/ViewModels/MainWindowViewModel.Bandwidth.cs:23"
"Code","Hard-coded","","The game's own limits on this {0} server: {1} per player and {2} network updates per second.","src/MystTiq.Desktop/ViewModels/MainWindowViewModel.Bandwidth.cs:42"
"Code","Hard-coded","","The history could not be read: ","src/MystTiq.Desktop/ViewModels/MainWindowViewModel.HostHistory.cs:62"
"Code","Hard-coded","","The kits were not saved.","src/MystTiq.Desktop/ViewModels/MainWindowViewModel.cs:6631"
"Code","Hard-coded","","The limit per player must be a number from 0.25 to 100 Mbit/s.","src/MystTiq.Desktop/ViewModels/MainWindowViewModel.Bandwidth.cs:103"
"Code","Hard-coded","","The local management backend is reachable at {0}, but the GUI could not establish a compatible API session. {1}","src/MystTiq.Desktop/ViewModels/MainWindowViewModel.cs:10089"
"Code","Hard-coded","","The machine could not be read: ","src/MystTiq.Desktop/ViewModels/MainWindowViewModel.Host.cs:142"
"Code","Hard-coded","","The maximum player count could not be read from PalWorldSettings.ini, so the most this server could send is not known.","src/MystTiq.Desktop/ViewModels/MainWindowViewModel.Bandwidth.cs:52"
"Code","Hard-coded","","The packaged headless process was started, but its health endpoint did not become reachable before timeout.","src/MystTiq.Desktop/Services/LocalManagementBootstrapper.cs:149"
"Code","Hard-coded","","the save recorded. Wild Pals are not in the save.","src/MystTiq.Desktop/Services/PalMapLayout.cs:102"
"Code","Hard-coded","","The saved key was removed and this session's copy cleared.","src/MystTiq.Desktop/ViewModels/MainWindowViewModel.cs:9645"
"Code","Hard-coded","","The selected file does not contain a MystTiq Palworld configuration export.","src/MystTiq.Desktop/ViewModels/MainWindowViewModel.cs:8326"
"Code","Hard-coded","","The selected player does not have a usable server-side identity.","src/MystTiq.Desktop/ViewModels/MainWindowViewModel.cs:7460"
"Code","Hard-coded","","The selected player does not have a usable server-side identity.","src/MystTiq.Desktop/ViewModels/MainWindowViewModel.cs:7542"
"Code","Hard-coded","","The selected player does not have a usable server-side identity.","src/MystTiq.Desktop/ViewModels/MainWindowViewModel.cs:7250"
"Code","Hard-coded","","The selected workspace path is empty.","src/MystTiq.Desktop/ViewModels/MainWindowViewModel.cs:3056"
"Code","Hard-coded","","The server answered but did not report success -- check its own logs.","src/MystTiq.Desktop/Services/LocalDiagnosticsService.cs:137"
"Code","Hard-coded","","The server answered: {(string.IsNullOrWhiteSpace(result.Response) ? ","src/MystTiq.Desktop/ViewModels/MainWindowViewModel.cs:6650"
"Code","Hard-coded","","The server didn't generate its initial world within 5 minutes. Try again, or check Doctor for issues.","src/MystTiq.Desktop/ViewModels/MainWindowViewModel.cs:3777"
"Code","Hard-coded","","The server is not running; the settings apply when it starts.","src/MystTiq.Desktop/ViewModels/MainWindowViewModel.Host.cs:103"
"Code","Hard-coded","","The server's certificate changed. Verify this is expected, then update the pinned fingerprint in the connection profile.","src/MystTiq.Desktop/Services/LocalDiagnosticsService.cs:105"
"Code","Hard-coded","","The server's certificate may be untrusted, expired, or use an unsupported protocol version.","src/MystTiq.Desktop/Services/LocalDiagnosticsService.cs:117"
"Code","Hard-coded","","There is no key to save yet.","src/MystTiq.Desktop/ViewModels/MainWindowViewModel.cs:9629"
"Code","Hard-coded","","This action requires a currently online player.","src/MystTiq.Desktop/ViewModels/MainWindowViewModel.cs:7244"
"Code","Hard-coded","","This machine","src/MystTiq.Desktop/Services/LocalDiagnosticsService.cs:170"
"Code","Hard-coded","","This machine","src/MystTiq.Desktop/Services/LocalDiagnosticsService.cs:152"
"Code","Hard-coded","","This machine has no efficiency mode (it is a Windows feature): eco mode lowers the priority only. On Linux, going back to a higher priority needs the MystTiq service installed by v0.8.21.0 or later (run service-install again), or MystTiq running as root.","src/MystTiq.Desktop/ViewModels/MainWindowViewModel.Host.cs:109"
"Code","Hard-coded","","This machine runs MystTiq as an installed Windows Service, which the desktop app can't restart on its own -- restart it manually, then refresh this page.","src/MystTiq.Desktop/ViewModels/MainWindowViewModel.cs:7078"
"Code","Hard-coded","","This machine runs MystTiq as an installed Windows Service, which the desktop app can't restart on its own. Add a second server profile from Fleet instead, restart the service manually, then connect to it.","src/MystTiq.Desktop/ViewModels/MainWindowViewModel.cs:3647"
"Code","Hard-coded","","This MystTiq management API requires a bearer token: paste one, or sign in with a user account below. The desktop-owned local sidecar should not require remote credentials.","src/MystTiq.Desktop/ViewModels/MainWindowViewModel.cs:4800"
"Code","Hard-coded","","This MystTiq management API requires a bearer token.","src/MystTiq.Desktop/ViewModels/MainWindowViewModel.cs:4408"
"Code","Hard-coded","","This release no longer has a clear primary download asset -- open the release page and install it manually instead.","src/MystTiq.Desktop/ViewModels/MainWindowViewModel.cs:9400"
"Code","Hard-coded","","timed out","src/MystTiq.Desktop/Services/LocalDiagnosticsService.cs:194"
"Code","Hard-coded","","Timestamp: {0}","src/MystTiq.Desktop/ViewModels/MainWindowViewModel.cs:3131"
"Code","Hard-coded","","TLS certificate SHA-256 fingerprint must contain exactly 64 hexadecimal characters.","src/MystTiq.Desktop/Services/MystTiqApiClient.cs:1235"
"Code","Hard-coded","","TLS Handshake","src/MystTiq.Desktop/Services/LocalDiagnosticsService.cs:115"
"Code","Hard-coded","","TLS Handshake","src/MystTiq.Desktop/Services/LocalDiagnosticsService.cs:103"
"Code","Hard-coded","","TLS Handshake","src/MystTiq.Desktop/Services/LocalDiagnosticsService.cs:109"
"Code","Hard-coded","","TLS Handshake","src/MystTiq.Desktop/Services/LocalDiagnosticsService.cs:122"
"Code","Hard-coded","","TLS Handshake","src/MystTiq.Desktop/Services/LocalDiagnosticsService.cs:102"
"Code","Hard-coded","","TLS handshake failed: {0}","src/MystTiq.Desktop/Services/LocalDiagnosticsService.cs:116"
"Code","Hard-coded","","TLS pin supplied: {(!string.IsNullOrWhiteSpace(CertificateSha256) ? ","src/MystTiq.Desktop/ViewModels/MainWindowViewModel.cs:3079"
"Code","Hard-coded","","To fit {0} players into 80 % of your upload: {1} per player.","src/MystTiq.Desktop/ViewModels/MainWindowViewModel.Bandwidth.cs:59"
"Code","Hard-coded","","Token configured -- leave blank to keep it","src/MystTiq.Desktop/ViewModels/MainWindowViewModel.cs:1739"
"Code","Hard-coded","","Transaction history: ","src/MystTiq.Desktop/ViewModels/MainWindowViewModel.cs:8895"
"Code","Hard-coded","","Transfer base {0} from {1} to {2}?","src/MystTiq.Desktop/MainWindow.axaml.cs:375"
"Code","Hard-coded","","Transfer base {0} to which guild?","src/MystTiq.Desktop/MainWindow.axaml.cs:367"
"Code","Hard-coded","","Transfer Leadership","src/MystTiq.Desktop/ViewModels/MainWindowViewModel.cs:2198"
"Code","Hard-coded","","Transfer Leadership","src/MystTiq.Desktop/ViewModels/MainWindowViewModel.cs:2228"
"Code","Hard-coded","","Transfer Leadership","src/MystTiq.Desktop/MainWindow.axaml.cs:408"
"Code","Hard-coded","","Transfer leadership of {0} to which player?","src/MystTiq.Desktop/MainWindow.axaml.cs:408"
"Code","Hard-coded","","Type the name of a saved point to send them to.","src/MystTiq.Desktop/ViewModels/MainWindowViewModel.cs:6758"
"Code","Hard-coded","","UDP {0}","src/MystTiq.Desktop/ViewModels/MainWindowViewModel.cs:10236"
"Code","Hard-coded","","UDP {0}","src/MystTiq.Desktop/ViewModels/MainWindowViewModel.cs:3124"
"Code","Hard-coded","","UE4SS Runtime","src/MystTiq.Desktop/ViewModels/MainWindowViewModel.cs:8656"
"Code","Hard-coded","","Unable to load that image: {0}","src/MystTiq.Desktop/ViewModels/MainWindowViewModel.cs:1955"
"Code","Hard-coded","","Unable to load the {0} preset: {1}","src/MystTiq.Desktop/ViewModels/MainWindowViewModel.cs:1983"
"Code","Hard-coded","","Unable to open the local backup root: ","src/MystTiq.Desktop/ViewModels/MainWindowViewModel.cs:7902"
"Code","Hard-coded","","Unable to open the port checker: ","src/MystTiq.Desktop/ViewModels/MainWindowViewModel.cs:3240"
"Code","Hard-coded","","Unable to start the local MystTiq headless API: {0}","src/MystTiq.Desktop/Services/LocalManagementBootstrapper.cs:154"
"Code","Hard-coded","","Undo the last UE4SS install","src/MystTiq.Desktop/ViewModels/MainWindowViewModel.cs:4106"
"Code","Hard-coded","","Unknown date","src/MystTiq.Desktop/Models/Ue4ssReleaseDto.cs:19"
"Code","Hard-coded","","Unknown list.","src/MystTiq.Desktop/Services/NexusModsClient.cs:51"
"Code","Hard-coded","","Unknown player","src/MystTiq.Desktop/ViewModels/MainWindowViewModel.cs:5423"
"Code","Hard-coded","","Unsaved configuration changes were discarded.","src/MystTiq.Desktop/ViewModels/MainWindowViewModel.cs:8210"
"Code","Hard-coded","","Unsaved kit changes. Press Save Kits to keep them.","src/MystTiq.Desktop/ViewModels/MainWindowViewModel.cs:6518"
"Code","Hard-coded","","Unsupported configuration export schema {0}.","src/MystTiq.Desktop/ViewModels/MainWindowViewModel.cs:8327"
"Code","Hard-coded","","Up ","src/MystTiq.Desktop/ViewModels/MainWindowViewModel.Host.cs:54"
"Code","Hard-coded","","Up to date","src/MystTiq.Desktop/Models/ComponentVersionDto.cs:20"
"Code","Hard-coded","","Update All","src/MystTiq.Desktop/ViewModels/MainWindowViewModel.cs:7176"
"Code","Hard-coded","","Update available","src/MystTiq.Desktop/Models/ComponentVersionDto.cs:21"
"Code","Hard-coded","","Update Center","src/MystTiq.Desktop/ViewModels/MainWindowViewModel.cs:4242"
"Code","Hard-coded","","Updated {0}","src/MystTiq.Desktop/ViewModels/MainWindowViewModel.cs:5875"
"Code","Hard-coded","","Updated {0}","src/MystTiq.Desktop/ViewModels/MainWindowViewModel.cs:4959"
"Code","Hard-coded","","Updated {0}","src/MystTiq.Desktop/ViewModels/MainWindowViewModel.cs:4754"
"Code","Hard-coded","","Updating / validating… (SteamCMD; can take several minutes on first install)","src/MystTiq.Desktop/ViewModels/MainWindowViewModel.cs:8804"
"Code","Hard-coded","","Updating pip…","src/MystTiq.Desktop/ViewModels/MainWindowViewModel.cs:8725"
"Code","Hard-coded","","Updating… (SteamCMD; can take several minutes on first install)","src/MystTiq.Desktop/ViewModels/MainWindowViewModel.cs:8804"
"Code","Hard-coded","","Validate active world","src/MystTiq.Desktop/ViewModels/MainWindowViewModel.cs:4142"
"Code","Hard-coded","","Validate: {0}{1}{2}","src/MystTiq.Desktop/ViewModels/MainWindowViewModel.cs:8782"
"Code","Hard-coded","","VALIDATION FAILED","src/MystTiq.Desktop/ViewModels/MainWindowViewModel.cs:8558"
"Code","Hard-coded","","VALIDATION FAILED","src/MystTiq.Desktop/ViewModels/MainWindowViewModel.cs:8587"
"Code","Hard-coded","","Validation failed: ","src/MystTiq.Desktop/ViewModels/MainWindowViewModel.cs:8483"
"Code","Hard-coded","","Verification failed","src/MystTiq.Desktop/ViewModels/MainWindowViewModel.cs:9473"
"Code","Hard-coded","","Verify & Scan","src/MystTiq.Desktop/Services/RibbonIcons.cs:73"
"Code","Hard-coded","","Verify & Scan","src/MystTiq.Desktop/ViewModels/MainWindowViewModel.cs:4077"
"Code","Hard-coded","","Verify All","src/MystTiq.Desktop/ViewModels/MainWindowViewModel.cs:4064"
"Code","Hard-coded","","Verify All","src/MystTiq.Desktop/Services/RibbonIcons.cs:73"
"Code","Hard-coded","","Verify all backups","src/MystTiq.Desktop/ViewModels/MainWindowViewModel.cs:4064"
"Code","Hard-coded","","Verify and scan MODs","src/MystTiq.Desktop/ViewModels/MainWindowViewModel.cs:4077"
"Code","Hard-coded","","Verify environment files","src/MystTiq.Desktop/ViewModels/MainWindowViewModel.cs:4026"
"Code","Hard-coded","","Verify Files","src/MystTiq.Desktop/Services/RibbonIcons.cs:89"
"Code","Hard-coded","","Verify Files","src/MystTiq.Desktop/ViewModels/MainWindowViewModel.cs:4026"
"Code","Hard-coded","","Verify Files","src/MystTiq.Desktop/Services/RibbonIcons.cs:30"
"Code","Hard-coded","","Verify the host/port in the connection profile and network connectivity between this machine and the server.","src/MystTiq.Desktop/Services/LocalDiagnosticsService.cs:212"
"Code","Hard-coded","","Verifying {0}","src/MystTiq.Desktop/ViewModels/MainWindowViewModel.cs:8680"
"Code","Hard-coded","","Verifying server environment","src/MystTiq.Desktop/ViewModels/MainWindowViewModel.cs:8536"
"Code","Hard-coded","","Version unknown","src/MystTiq.Desktop/Models/ModManagementDtos.cs:33"
"Code","Hard-coded","","View cleared · server log was not deleted","src/MystTiq.Desktop/ViewModels/MainWindowViewModel.cs:5675"
"Code","Hard-coded","","Visual C++ Runtime","src/MystTiq.Desktop/Models/ComponentVersionDto.cs:47"
"Code","Hard-coded","","Waiting for a server sample.","src/MystTiq.Desktop/ViewModels/MainWindowViewModel.cs:263"
"Code","Hard-coded","","Waiting for authoritative saved-world clock","src/MystTiq.Desktop/ViewModels/MainWindowViewModel.cs:267"
"Code","Hard-coded","","Waiting for the initial world to finish generating…","src/MystTiq.Desktop/ViewModels/MainWindowViewModel.cs:3767"
"Code","Hard-coded","","Warning added and audited by the headless service","src/MystTiq.Desktop/ViewModels/MainWindowViewModel.cs:5145"
"Code","Hard-coded","","When empty for {0} minute(s)","src/MystTiq.Desktop/Models/AutomationDtos.cs:48"
"Code","Hard-coded","","When no one is online","src/MystTiq.Desktop/ViewModels/MainWindowViewModel.Host.cs:39"
"Code","Hard-coded","","Which player should claim orphaned guild {0}?","src/MystTiq.Desktop/MainWindow.axaml.cs:417"
"Code","Hard-coded","","Whitelist disabled -- {0} player(s) saved but not enforced.","src/MystTiq.Desktop/ViewModels/MainWindowViewModel.cs:6949"
"Code","Hard-coded","","Whitelist enabled -- {0} player(s) allowed; anyone else is auto-kicked.","src/MystTiq.Desktop/ViewModels/MainWindowViewModel.cs:6948"
"Code","Hard-coded","","Whitelist saved.","src/MystTiq.Desktop/ViewModels/MainWindowViewModel.cs:6966"
"Code","Hard-coded","","Wild / unowned","src/MystTiq.Desktop/Models/PalEditDtos.cs:22"
"Code","Hard-coded","","Wipe Permanently","src/MystTiq.Desktop/MainWindow.axaml.cs:392"
"Code","Hard-coded","","With all {0} players at {1} each, the server could send up to {2}.","src/MystTiq.Desktop/ViewModels/MainWindowViewModel.Bandwidth.cs:53"
"Code","Hard-coded","","Work Speed","src/MystTiq.Desktop/ViewModels/MainWindowViewModel.cs:8023"
"Code","Hard-coded","","working at {0}'s base","src/MystTiq.Desktop/Services/PalMapLayout.cs:67"
"Code","Hard-coded","","working at a base","src/MystTiq.Desktop/Services/PalMapLayout.cs:67"
"Code","Hard-coded","","Workspace unavailable: {0}","src/MystTiq.Desktop/ViewModels/MainWindowViewModel.cs:8433"
"Code","Hard-coded","","World —","src/MystTiq.Desktop/ViewModels/MainWindowViewModel.cs:5785"
"Code","Hard-coded","","World —","src/MystTiq.Desktop/ViewModels/MainWindowViewModel.cs:265"
"Code","Hard-coded","","World {0}","src/MystTiq.Desktop/ViewModels/MainWindowViewModel.cs:5785"
"Code","Hard-coded","","World {0}","src/MystTiq.Desktop/Models/WorldExplorerDtos.cs:15"
"Code","Hard-coded","","World clone request failed with HTTP {0} {1}. {2}","src/MystTiq.Desktop/Services/MystTiqApiClient.cs:634"
"Code","Hard-coded","","World data not sampled","src/MystTiq.Desktop/ViewModels/MainWindowViewModel.cs:264"
"Code","Hard-coded","","World data unavailable","src/MystTiq.Desktop/ViewModels/MainWindowViewModel.cs:4683"
"Code","Hard-coded","","World save: —","src/MystTiq.Desktop/ViewModels/MainWindowViewModel.cs:5762"
"Code","Hard-coded","","World save: —","src/MystTiq.Desktop/ViewModels/MainWindowViewModel.cs:5741"
"Code","Hard-coded","","World save: {0} ago","src/MystTiq.Desktop/ViewModels/MainWindowViewModel.cs:5740"
"Code","Hard-coded","","World telemetry unavailable","src/MystTiq.Desktop/ViewModels/MainWindowViewModel.cs:5761"
"Code","Hard-coded","","World telemetry unavailable","src/MystTiq.Desktop/ViewModels/MainWindowViewModel.cs:5759"
"Code","Hard-coded","","World Transaction","src/MystTiq.Desktop/ViewModels/MainWindowViewModel.cs:1689"
"Code","Hard-coded","","World Transactions","src/MystTiq.Desktop/ViewModels/MainWindowViewModel.cs:4140"
"Code","Hard-coded","","World Tree","src/MystTiq.Desktop/Services/MapPresetService.cs:20"
"Code","Hard-coded","","Your upload speed must be a number of at least 1 Mbit/s, or left empty.","src/MystTiq.Desktop/ViewModels/MainWindowViewModel.Bandwidth.cs:109"
"Code","Hard-coded","","Yu Gothic UI, Meiryo UI, Meiryo, Noto Sans CJK JP, Noto Sans JP","src/MystTiq.Desktop/Services/Localizer.cs:51"
"Code","Hard-coded","","yyyy-MM-dd HH:mm:ss","src/MystTiq.Desktop/Models/WorldExplorerDtos.cs:16"
"Code","Hard-coded","","yyyy-MM-dd HH:mm:ss","src/MystTiq.Desktop/Models/BackupConfigurationDtos.cs:15"
"Code","Hard-coded","","yyyy-MM-dd HH:mm:ss","src/MystTiq.Desktop/ViewModels/MainWindowViewModel.cs:10278"
"Code","Hard-coded","","yyyy-MM-dd HH:mm:ss","src/MystTiq.Desktop/Models/PlayerGuildExplorerDtos.cs:27"
"Code","Hard-coded","","yyyy-MM-dd HH:mm:ss","src/MystTiq.Desktop/Models/WorldExplorerDtos.cs:31"
"Code","Hard-coded","","yyyy-MM-dd HH:mm:ss zzz","src/MystTiq.Desktop/ViewModels/MainWindowViewModel.cs:7595"
"Code","Hard-coded","","ZIP archive","src/MystTiq.Desktop/MainWindow.axaml.cs:721"
"Code","Hard-coded","","ZIP archive","src/MystTiq.Desktop/MainWindow.axaml.cs:753"
"Code","Hard-coded","","ZIP archive","src/MystTiq.Desktop/MainWindow.axaml.cs:516"
"Code","Hard-coded","","Zoom {0}×","src/MystTiq.Desktop/ViewModels/MainWindowViewModel.cs:5262"
"Code","Hard-coded","","Zoom 1.0× (whole map)","src/MystTiq.Desktop/ViewModels/MainWindowViewModel.cs:5262"
"Code","Keyed","page.ActivityAudit.title","Activity & Audit","set from code (page titles, Ribbon, Dashboard)"
"Code","Keyed","page.AlertCenter.title","Alert Center","set from code (page titles, Ribbon, Dashboard)"
"Code","Keyed","ribbon.group.Alerts","Alerts","set from code (page titles, Ribbon, Dashboard)"
"Code","Keyed","page.Security.subtitle","API principals, roles and access","set from code (page titles, Ribbon, Dashboard)"
"Code","Keyed","page.Bases.subtitle","Authoritative guild-owned base references and recovery capability planning","set from code (page titles, Ribbon, Dashboard)"
"Code","Keyed","ribbon.group.Automation","Automation","set from code (page titles, Ribbon, Dashboard)"
"Code","Keyed","page.Automation.title","Automation","set from code (page titles, Ribbon, Dashboard)"
"Code","Keyed","ribbon.Backup","Backup","set from code (page titles, Ribbon, Dashboard)"
"Code","Keyed","page.Backups.title","Backups","set from code (page titles, Ribbon, Dashboard)"
"Code","Keyed","ribbon.group.Backups","Backups","set from code (page titles, Ribbon, Dashboard)"
"Code","Keyed","page.Bases.title","Bases","set from code (page titles, Ribbon, Dashboard)"
"Code","Keyed","ribbon.Clear","Clear","set from code (page titles, Ribbon, Dashboard)"
"Code","Keyed","ribbon.group.Configuration","Configuration","set from code (page titles, Ribbon, Dashboard)"
"Code","Keyed","page.Configuration.title","Configuration","set from code (page titles, Ribbon, Dashboard)"
"Code","Keyed","ribbon.ConfirmInstall","Confirm Install","set from code (page titles, Ribbon, Dashboard)"
"Code","Keyed","page.Settings.subtitle","Connection profiles and desktop settings","set from code (page titles, Ribbon, Dashboard)"
"Code","Keyed","ribbon.Console","Console","set from code (page titles, Ribbon, Dashboard)"
"Code","Keyed","page.Console.title","Console","set from code (page titles, Ribbon, Dashboard)"
"Code","Keyed","ribbon.group.Console","Console","set from code (page titles, Ribbon, Dashboard)"
"Code","Keyed","ribbon.group.CrashAnalyzer","Crash Analyzer","set from code (page titles, Ribbon, Dashboard)"
"Code","Keyed","page.CrashAnalyzer.title","Crash Analyzer","set from code (page titles, Ribbon, Dashboard)"
"Code","Keyed","ribbon.Create","Create","set from code (page titles, Ribbon, Dashboard)"
"Code","Keyed","page.Backups.subtitle","Create, inspect, delete and safely restore backups","set from code (page titles, Ribbon, Dashboard)"
"Code","Keyed","ribbon.group.Danger","Danger","set from code (page titles, Ribbon, Dashboard)"
"Code","Keyed","page.Dashboard.title","Dashboard","set from code (page titles, Ribbon, Dashboard)"
"Code","Keyed","ribbon.DetectInstances","Detect Instances","set from code (page titles, Ribbon, Dashboard)"
"Code","Keyed","ribbon.group.Diagnostics","Diagnostics","set from code (page titles, Ribbon, Dashboard)"
"Code","Keyed","page.DiagnosticsCenter.title","Diagnostics Center","set from code (page titles, Ribbon, Dashboard)"
"Code","Keyed","ribbon.DisableAll","Disable All","set from code (page titles, Ribbon, Dashboard)"
"Code","Keyed","ribbon.DiscoverSaves","Discover Saves","set from code (page titles, Ribbon, Dashboard)"
"Code","Keyed","ribbon.group.Doctor","Doctor","set from code (page titles, Ribbon, Dashboard)"
"Code","Keyed","ribbon.Doctor","Doctor","set from code (page titles, Ribbon, Dashboard)"
"Code","Keyed","ribbon.EnableAll","Enable All","set from code (page titles, Ribbon, Dashboard)"
"Code","Keyed","ribbon.group.Environment","Environment","set from code (page titles, Ribbon, Dashboard)"
"Code","Keyed","page.Fleet.subtitle","Every configured server profile, with fleet-wide backup, doctor and update actions","set from code (page titles, Ribbon, Dashboard)"
"Code","Keyed","page.CrashAnalyzer.subtitle","Evidence-backed crash history, stability review and isolation guidance","set from code (page titles, Ribbon, Dashboard)"
"Code","Keyed","ribbon.Export","Export","set from code (page titles, Ribbon, Dashboard)"
"Code","Keyed","ribbon.ExportCSV","Export CSV","set from code (page titles, Ribbon, Dashboard)"
"Code","Keyed","ribbon.ExportReport","Export Report","set from code (page titles, Ribbon, Dashboard)"
"Code","Keyed","page.Fleet.title","Fleet","set from code (page titles, Ribbon, Dashboard)"
"Code","Keyed","ribbon.group.Fleet","Fleet","set from code (page titles, Ribbon, Dashboard)"
"Code","Keyed","ribbon.ForceStop","Force Stop","set from code (page titles, Ribbon, Dashboard)"
"Code","Keyed","page.Guilds.subtitle","Guild identity, leadership, membership, health, and base-reference evidence","set from code (page titles, Ribbon, Dashboard)"
"Code","Keyed","ribbon.group.Guilds","Guilds","set from code (page titles, Ribbon, Dashboard)"
"Code","Keyed","page.Guilds.title","Guilds","set from code (page titles, Ribbon, Dashboard)"
"Code","Keyed","ribbon.group.Host","Host","set from code (page titles, Ribbon, Dashboard)"
"Code","Keyed","page.Host.title","Host & Performance","set from code (page titles, Ribbon, Dashboard)"
"Code","Keyed","ribbon.Import","Import","set from code (page titles, Ribbon, Dashboard)"
"Code","Keyed","page.Inspector.title","Inspector","set from code (page titles, Ribbon, Dashboard)"
"Code","Keyed","ribbon.InstallMissing","Install Missing","set from code (page titles, Ribbon, Dashboard)"
"Code","Keyed","page.ServerSetup.subtitle","Install, verify, and maintain the components required to run your Palworld dedicated server.","set from code (page titles, Ribbon, Dashboard)"
"Code","Keyed","page.ModLibrary.subtitle","Installed MOD inventory and controls","set from code (page titles, Ribbon, Dashboard)"
"Code","Keyed","ribbon.KillProcesses","Kill Processes","set from code (page titles, Ribbon, Dashboard)"
"Code","Keyed","page.Players.subtitle","Live sessions, known saves, player notes, warnings, and audited administration","set from code (page titles, Ribbon, Dashboard)"
"Code","Keyed","page.Map.title","Map","set from code (page titles, Ribbon, Dashboard)"
"Code","Keyed","ribbon.group.Map","Map","set from code (page titles, Ribbon, Dashboard)"
"Code","Keyed","ribbon.MarkAllRead","Mark All Read","set from code (page titles, Ribbon, Dashboard)"
"Code","Keyed","page.ModDashboard.subtitle","MOD / UE4SS health and runtime evidence","set from code (page titles, Ribbon, Dashboard)"
"Code","Keyed","page.ModDashboard.title","MOD Dashboard","set from code (page titles, Ribbon, Dashboard)"
"Code","Keyed","page.ModLibrary.title","MOD Library","set from code (page titles, Ribbon, Dashboard)"
"Code","Keyed","ribbon.group.MODMaintenance","MOD Maintenance","set from code (page titles, Ribbon, Dashboard)"
"Code","Keyed","ribbon.group.MODs","MODs","set from code (page titles, Ribbon, Dashboard)"
"Code","Keyed","page.Dashboard.subtitle","Monitor resources, control the server, and follow live activity.","set from code (page titles, Ribbon, Dashboard)"
"Code","Keyed","page.DiagnosticsCenter.subtitle","Network connectivity, firewall and socket ownership diagnostics","set from code (page titles, Ribbon, Dashboard)"
"Code","Keyed","page.Notifications.title","Notifications","set from code (page titles, Ribbon, Dashboard)"
"Code","Keyed","ribbon.group.Notifications","Notifications","set from code (page titles, Ribbon, Dashboard)"
"Code","Keyed","ribbon.OpenRoot","Open Root","set from code (page titles, Ribbon, Dashboard)"
"Code","Keyed","page.SaveTools.title","Palworld Save Tools","set from code (page titles, Ribbon, Dashboard)"
"Code","Keyed","page.UpdateCenter.subtitle","Palworld server installation evidence and SteamCMD update/validation","set from code (page titles, Ribbon, Dashboard)"
"Code","Keyed","ribbon.Pause","Pause","set from code (page titles, Ribbon, Dashboard)"
"Code","Keyed","page.Notifications.subtitle","Persistent alerts, read state, pins and dismissals","set from code (page titles, Ribbon, Dashboard)"
"Code","Keyed","ribbon.group.Players","Players","set from code (page titles, Ribbon, Dashboard)"
"Code","Keyed","page.Players.title","Players","set from code (page titles, Ribbon, Dashboard)"
"Code","Keyed","ribbon.PreviewInstall","Preview Install","set from code (page titles, Ribbon, Dashboard)"
"Code","Keyed","ribbon.PreviewPlan","Preview Plan","set from code (page titles, Ribbon, Dashboard)"
"Code","Keyed","page.Doctor.subtitle","Production health evidence and repair recommendations","set from code (page titles, Ribbon, Dashboard)"
"Code","Keyed","ribbon.group.QuickActions","Quick Actions","set from code (page titles, Ribbon, Dashboard)"
"Code","Keyed","page.Inspector.subtitle","Read-only active-world and save-file inventory","set from code (page titles, Ribbon, Dashboard)"
"Code","Keyed","ribbon.Refresh","Refresh","set from code (page titles, Ribbon, Dashboard)"
"Code","Keyed","ribbon.RefreshBases","Refresh Bases","set from code (page titles, Ribbon, Dashboard)"
"Code","Keyed","ribbon.RefreshEvidence","Refresh Evidence","set from code (page titles, Ribbon, Dashboard)"
"Code","Keyed","ribbon.RefreshHistory","Refresh History","set from code (page titles, Ribbon, Dashboard)"
"Code","Keyed","ribbon.RefreshMap","Refresh Map","set from code (page titles, Ribbon, Dashboard)"
"Code","Keyed","ribbon.RefreshMODs","Refresh MODs","set from code (page titles, Ribbon, Dashboard)"
"Code","Keyed","ribbon.RefreshOps","Refresh Ops","set from code (page titles, Ribbon, Dashboard)"
"Code","Keyed","ribbon.RefreshRuntime","Refresh Runtime","set from code (page titles, Ribbon, Dashboard)"
"Code","Keyed","ribbon.RefreshWorld","Refresh World","set from code (page titles, Ribbon, Dashboard)"
"Code","Keyed","ribbon.Repair","Repair","set from code (page titles, Ribbon, Dashboard)"
"Code","Keyed","ribbon.RepairFirewall","Repair Firewall","set from code (page titles, Ribbon, Dashboard)"
"Code","Keyed","ribbon.Reset","Reset","set from code (page titles, Ribbon, Dashboard)"
"Code","Keyed","ribbon.Restart","Restart","set from code (page titles, Ribbon, Dashboard)"
"Code","Keyed","ribbon.RestartServer","Restart Server","set from code (page titles, Ribbon, Dashboard)"
"Code","Keyed","ribbon.Rollback","Rollback","set from code (page titles, Ribbon, Dashboard)"
"Code","Keyed","ribbon.RunAnalysis","Run Analysis","set from code (page titles, Ribbon, Dashboard)"
"Code","Keyed","ribbon.RunDiagnostics","Run Diagnostics","set from code (page titles, Ribbon, Dashboard)"
"Code","Keyed","ribbon.RunDoctor","Run Doctor","set from code (page titles, Ribbon, Dashboard)"
"Code","Keyed","page.ActivityAudit.subtitle","Runtime activity and audit evidence","set from code (page titles, Ribbon, Dashboard)"
"Code","Keyed","page.Console.subtitle","Runtime monitoring and PalServer log output","set from code (page titles, Ribbon, Dashboard)"
"Code","Keyed","ribbon.SafeStart","Safe-Start","set from code (page titles, Ribbon, Dashboard)"
"Code","Keyed","ribbon.Save","Save","set from code (page titles, Ribbon, Dashboard)"
"Code","Keyed","ribbon.group.SaveTools","Save Tools","set from code (page titles, Ribbon, Dashboard)"
"Code","Keyed","page.Automation.subtitle","Scheduled backups, lifecycle actions and notifications","set from code (page titles, Ribbon, Dashboard)"
"Code","Keyed","ribbon.group.Security","Security","set from code (page titles, Ribbon, Dashboard)"
"Code","Keyed","page.Security.title","Security","set from code (page titles, Ribbon, Dashboard)"
"Code","Keyed","ribbon.SelfTest","Self-Test","set from code (page titles, Ribbon, Dashboard)"
"Code","Keyed","ribbon.SelfTests","Self-Tests","set from code (page titles, Ribbon, Dashboard)"
"Code","Keyed","page.Configuration.subtitle","Server configuration and lifecycle settings","set from code (page titles, Ribbon, Dashboard)"
"Code","Keyed","ribbon.group.ServerControl","Server Control","set from code (page titles, Ribbon, Dashboard)"
"Code","Keyed","page.Doctor.title","Server Doctor","set from code (page titles, Ribbon, Dashboard)"
"Code","Keyed","page.ServerSetup.title","Server Setup","set from code (page titles, Ribbon, Dashboard)"
"Code","Keyed","page.Workspace.subtitle","Server workspace paths and managed configuration","set from code (page titles, Ribbon, Dashboard)"
"Code","Keyed","page.SaveTools.subtitle","Server-side Python, converter, Oodle and read-only save diagnostics","set from code (page titles, Ribbon, Dashboard)"
"Code","Keyed","page.Settings.title","Settings","set from code (page titles, Ribbon, Dashboard)"
"Code","Keyed","ribbon.Start","Start","set from code (page titles, Ribbon, Dashboard)"
"Code","Keyed","ribbon.Stop","Stop","set from code (page titles, Ribbon, Dashboard)"
"Code","Keyed","page.Host.subtitle","The machine this server runs on: processor, memory, disks and network, and the server's priority and eco mode","set from code (page titles, Ribbon, Dashboard)"
"Code","Keyed","page.AlertCenter.subtitle","Threshold alerts and disk-space prediction","set from code (page titles, Ribbon, Dashboard)"
"Code","Keyed","ribbon.group.UE4SS","UE4SS","set from code (page titles, Ribbon, Dashboard)"
"Code","Keyed","page.Ue4ss.title","UE4SS","set from code (page titles, Ribbon, Dashboard)"
"Code","Keyed","page.Ue4ss.subtitle","UE4SS runtime evidence and management","set from code (page titles, Ribbon, Dashboard)"
"Code","Keyed","page.UpdateCenter.title","Update Center","set from code (page titles, Ribbon, Dashboard)"
"Code","Keyed","ribbon.group.UpdateCenter","Update Center","set from code (page titles, Ribbon, Dashboard)"
"Code","Keyed","ribbon.Validate","Validate","set from code (page titles, Ribbon, Dashboard)"
"Code","Keyed","page.WorldTransactions.subtitle","Validate, preview, back up, transact, verify and audit world recovery","set from code (page titles, Ribbon, Dashboard)"
"Code","Keyed","ribbon.VerifyScan","Verify & Scan","set from code (page titles, Ribbon, Dashboard)"
"Code","Keyed","ribbon.VerifyAll","Verify All","set from code (page titles, Ribbon, Dashboard)"
"Code","Keyed","ribbon.VerifyFiles","Verify Files","set from code (page titles, Ribbon, Dashboard)"
"Code","Keyed","page.Map.subtitle","Where online players and guild bases are, on the world map","set from code (page titles, Ribbon, Dashboard)"
"Code","Keyed","ribbon.group.Workspace","Workspace","set from code (page titles, Ribbon, Dashboard)"
"Code","Keyed","page.Workspace.title","Workspace","set from code (page titles, Ribbon, Dashboard)"
"Code","Keyed","ribbon.group.World","World","set from code (page titles, Ribbon, Dashboard)"
"Code","Keyed","ribbon.group.WorldTransactions","World Transactions","set from code (page titles, Ribbon, Dashboard)"
"Code","Keyed","page.WorldTransactions.title","World Validator & Recovery","set from code (page titles, Ribbon, Dashboard)"
"XAML","Keyed","dashboard.format.known","{0} known","src/MystTiq.Desktop/MainWindow.axaml:390"
"XAML","Keyed","dashboard.format.knownPlayers","{0} known player(s)","src/MystTiq.Desktop/MainWindow.axaml:411"
"XAML","Keyed","dashboard.format.online","{0} online","src/MystTiq.Desktop/MainWindow.axaml:390"
"XAML","Keyed","dashboard.live","• LIVE","src/MystTiq.Desktop/MainWindow.axaml:439"
"XAML","Keyed","ui.back","← Back","src/MystTiq.Desktop/MainWindow.axaml:3913"
"XAML","Keyed","ui.back","← Back","src/MystTiq.Desktop/MainWindow.axaml:3691"
"XAML","Keyed","ui.back","← Back","src/MystTiq.Desktop/MainWindow.axaml:3864"
"XAML","Keyed","ui.back","← Back","src/MystTiq.Desktop/MainWindow.axaml:3609"
"XAML","Keyed","ui.back","← Back","src/MystTiq.Desktop/MainWindow.axaml:3718"
"XAML","Keyed","ui.back","← Back","src/MystTiq.Desktop/MainWindow.axaml:3822"
"XAML","Keyed","ui.back","← Back","src/MystTiq.Desktop/MainWindow.axaml:3947"
"XAML","Keyed","ui.back","← Back","src/MystTiq.Desktop/MainWindow.axaml:3651"
"XAML","Keyed","ui.refresh_9cbbfc","↻ Refresh","src/MystTiq.Desktop/MainWindow.axaml:2196"
"XAML","Keyed","ui.refresh_9cbbfc","↻ Refresh","src/MystTiq.Desktop/MainWindow.axaml:3788"
"XAML","Keyed","ui.scan_workshop_mods","↻ Scan Workshop Mods","src/MystTiq.Desktop/MainWindow.axaml:3839"
"XAML","Keyed","ui.create_default_settings","+ CREATE DEFAULT SETTINGS","src/MystTiq.Desktop/MainWindow.axaml:3911"
"XAML","Keyed","ui.disconnect","■ Disconnect","src/MystTiq.Desktop/MainWindow.axaml:1829"
"XAML","Keyed","ui.connect","● Connect","src/MystTiq.Desktop/MainWindow.axaml:1828"
"XAML","Keyed","ui.online_offline_last_known_position_click_a_name_1be6cc","● online   ○ offline (last known position). Click a name to zoom in on it and select that player.","src/MystTiq.Desktop/MainWindow.axaml:1245"
"XAML","Keyed","ui.violet_owned_pals_at_the_last_position_the_save_0bccfb","● violet: owned Pals at the last position the save recorded. Click a row to zoom in; hover a circle for who is there.","src/MystTiq.Desktop/MainWindow.axaml:1310"
"XAML","Keyed","ui.rcon_doctor","⚕ RCON Doctor","src/MystTiq.Desktop/MainWindow.axaml:1827"
"XAML","Keyed","ui.send_command","➤ Send Command","src/MystTiq.Desktop/MainWindow.axaml:1835"
"XAML","Keyed","ui.generate","🎲 Generate","src/MystTiq.Desktop/MainWindow.axaml:932"
"XAML","Keyed","ui.install_mod_zip","📦 Install MOD ZIP…","src/MystTiq.Desktop/MainWindow.axaml:3849"
"XAML","Keyed","ui.a_disabled_account_cannot_sign_in_and_its_open_s_c22536","A disabled account cannot sign in and its open sessions end at once.","src/MystTiq.Desktop/MainWindow.axaml:3024"
"XAML","Keyed","ui.a_fresh_safety_backup_is_taken_automatically_bef_51d566","A fresh safety backup is taken automatically before this change.","src/MystTiq.Desktop/Views/ConfirmCopyPlayerDialog.axaml:20"
"XAML","Keyed","ui.a_fresh_safety_backup_is_taken_automatically_bef_98a00f","A fresh safety backup is taken automatically before this change. Requires PalServer stopped.","src/MystTiq.Desktop/Views/ConfirmOperationDialog.axaml:20"
"XAML","Keyed","ui.accent_theme_mode_and_density_applies_immediatel_8cf7f3","Accent theme, mode and density. Applies immediately and is remembered for next time.","src/MystTiq.Desktop/MainWindow.axaml:3278"
"XAML","Keyed","ui.action","ACTION","src/MystTiq.Desktop/MainWindow.axaml:510"
"XAML","Keyed","ui.action","ACTION","src/MystTiq.Desktop/MainWindow.axaml:2812"
"XAML","Keyed","ui.active_fork","ACTIVE FORK","src/MystTiq.Desktop/MainWindow.axaml:2020"
"XAML","Keyed","ui.active_mods_root","Active Mods Root","src/MystTiq.Desktop/MainWindow.axaml:2052"
"XAML","Keyed","ui.active_value","ACTIVE VALUE","src/MystTiq.Desktop/MainWindow.axaml:1071"
"XAML","Keyed","dashboard.activeWorld","ACTIVE WORLD","src/MystTiq.Desktop/MainWindow.axaml:362"
"XAML","Keyed","ui.active_world","ACTIVE WORLD","src/MystTiq.Desktop/MainWindow.axaml:717"
"XAML","Keyed","ui.active_world_files","Active World Files","src/MystTiq.Desktop/MainWindow.axaml:770"
"XAML","Keyed","nav.ActivityAudit","Activity & Audit","src/MystTiq.Desktop/MainWindow.axaml:306"
"XAML","Keyed","ui.add","Add","src/MystTiq.Desktop/MainWindow.axaml:1598"
"XAML","Keyed","ui.add","Add","src/MystTiq.Desktop/MainWindow.axaml:2918"
"XAML","Keyed","ui.add_an_operator_warning","Add an operator warning","src/MystTiq.Desktop/MainWindow.axaml:1429"
"XAML","Keyed","ui.add_player","Add Player…","src/MystTiq.Desktop/MainWindow.axaml:865"
"XAML","Keyed","ui.add_to_give","Add to Give","src/MystTiq.Desktop/MainWindow.axaml:1502"
"XAML","Keyed","ui.add_to_selected_kit","Add to Selected Kit","src/MystTiq.Desktop/MainWindow.axaml:1503"
"XAML","Keyed","ui.add_upnp_port_mapping","Add UPnP Port Mapping","src/MystTiq.Desktop/MainWindow.axaml:2481"
"XAML","Keyed","ui.add_warning","Add Warning","src/MystTiq.Desktop/MainWindow.axaml:1430"
"XAML","Keyed","ui.added_to_the_source_server_s_own_ports_game_quer_d5bd9e","Added to the source server's own ports (game, query, REST API) so both installations can run at the same time without colliding.","src/MystTiq.Desktop/MainWindow.axaml:3090"
"XAML","Keyed","ui.adds_a_port_forward_mapping_on_your_router_via_u_0e17a0","Adds a port-forward mapping on your router via UPnP for the configured game port.","src/MystTiq.Desktop/MainWindow.axaml:2481"
"XAML","Keyed","ui.adds_the_selected_id_as_a_new_line_in_the_give_b_8aa12d","Adds the selected id as a new line in the Give box above.","src/MystTiq.Desktop/MainWindow.axaml:1502"
"XAML","Keyed","ui.adds_the_selected_id_to_the_kit_selected_under_s_24f806","Adds the selected id to the kit selected under Starter Kits. Press Save Kits there to keep it.","src/MystTiq.Desktop/MainWindow.axaml:1503"
"XAML","Keyed","ui.admin_password","Admin password","src/MystTiq.Desktop/MainWindow.axaml:3880"
"XAML","Keyed","ui.admin_password","Admin password","src/MystTiq.Desktop/MainWindow.axaml:936"
"XAML","Keyed","ui.admin_password","Admin password","src/MystTiq.Desktop/MainWindow.axaml:3631"
"XAML","Keyed","ui.advanced_settings","Advanced Settings","src/MystTiq.Desktop/MainWindow.axaml:977"
"XAML","Keyed","ui.advanced_settings_exposes_every_known_and_custom_a51ad8","Advanced Settings exposes every known and custom OptionSettings entry returned by the server. Unknown settings are preserved. Highlighted rows differ from Palworld's default.","src/MystTiq.Desktop/MainWindow.axaml:991"
"XAML","Keyed","ui.after","after","src/MystTiq.Desktop/MainWindow.axaml:3163"
"XAML","Keyed","nav.AlertCenter","Alert Center","src/MystTiq.Desktop/MainWindow.axaml:308"
"XAML","Keyed","ui.alert_center","Alert Center","src/MystTiq.Desktop/MainWindow.axaml:2829"
"XAML","Keyed","ui.all_mods_are_healthy_disabled_or_active_unverifi_74d30b","All MODs are healthy, disabled, or active/unverified — nothing needs attention.","src/MystTiq.Desktop/MainWindow.axaml:2064"
"XAML","Keyed","ui.all_palworld_instances_on_this_machine","ALL PALWORLD INSTANCES ON THIS MACHINE","src/MystTiq.Desktop/MainWindow.axaml:2580"
"XAML","Keyed","ui.also_send_server_is_back_up_notices","Also send ""server is back up"" notices","src/MystTiq.Desktop/MainWindow.axaml:2850"
"XAML","Keyed","ui.always_granted_the_owner_role_bypassing_role_map_48220c","Always granted the Owner role, bypassing role mapping","src/MystTiq.Desktop/MainWindow.axaml:2906"
"XAML","Keyed","ui.analyze_zip_archive","Analyze ZIP Archive","src/MystTiq.Desktop/MainWindow.axaml:2712"
"XAML","Keyed","ui.analyze_zip_archive","Analyze ZIP Archive","src/MystTiq.Desktop/MainWindow.axaml:3745"
"XAML","Keyed","ui.anti_cheat_and_save_integrity_scanning","Anti-Cheat & Save-Integrity Scanning","src/MystTiq.Desktop/MainWindow.axaml:2938"
"XAML","Keyed","ui.appearance","Appearance","src/MystTiq.Desktop/MainWindow.axaml:3277"
"XAML","Keyed","ui.application_data","Application data","src/MystTiq.Desktop/MainWindow.axaml:2685"
"XAML","Keyed","ui.applies_to_the_selected_base_above_moves_the_bas_c0d0ff","Applies to the selected base above. Moves the base's base_ids entry between guild records and retags every structure/container/worker record placed at that base (confirmed against real save data: ~130 records per base) to the new owning guild. Requires PalServer stopped. Follows Preview → Safety Backup → Server-side Transaction → Validate → Journal/Audit → Refresh GUI.","src/MystTiq.Desktop/MainWindow.axaml:897"
"XAML","Keyed","ui.applies_to_the_selected_base_above_permanently_r_763a73","Applies to the selected base above. Permanently removes the base's base_ids entry and every structure/container/worker record tagged to it (matching the legacy app's DeleteBaseAndOwnedObjects operation) rather than reassigning them. This cannot be undone except by restoring the safety backup created during Apply. Requires PalServer stopped. Follows Preview → Safety Backup → Server-side Transaction → Validate → Journal/Audit → Refresh GUI.","src/MystTiq.Desktop/MainWindow.axaml:898"
"XAML","Keyed","ui.applies_to_the_selected_guild_above_requires_pal_5e89f6","Applies to the selected guild above. Requires PalServer stopped. Claim is only offered for guilds showing Orphaned / Needs Review; Transfer and Add Player work on any guild; Remove Broken Member is only offered when the target player has no matching save file. Follows Preview → Safety Backup → Server-side Transaction → Validate → Journal/Audit → Refresh GUI.","src/MystTiq.Desktop/MainWindow.axaml:879"
"XAML","Keyed","ui.applies_to_this_server_s_own_processes_on_window_66598f","Applies to this server's own processes (on Windows the game itself runs as PalServer-Win64-Shipping-Cmd.exe) and is kept through restarts and crashes. MystTiq applies it as soon as the server starts and checks it every 15 seconds.","src/MystTiq.Desktop/MainWindow.axaml:3156"
"XAML","Keyed","ui.apply_a_starter_preset_automatically_after_insta_e29892","Apply a starter preset automatically after install, or customize your own once the server's real settings file exists.","src/MystTiq.Desktop/MainWindow.axaml:3664"
"XAML","Keyed","ui.apply_exact_preview","Apply Exact Preview","src/MystTiq.Desktop/MainWindow.axaml:1951"
"XAML","Keyed","ui.apply_migration","Apply Migration","src/MystTiq.Desktop/MainWindow.axaml:1744"
"XAML","Keyed","ui.apply_preset","Apply Preset","src/MystTiq.Desktop/MainWindow.axaml:3905"
"XAML","Keyed","ui.apply_with_fresh_safety_backup","Apply With Fresh Safety Backup","src/MystTiq.Desktop/MainWindow.axaml:879"
"XAML","Keyed","ui.apply_with_fresh_safety_backup","Apply With Fresh Safety Backup","src/MystTiq.Desktop/MainWindow.axaml:2715"
"XAML","Keyed","ui.apply_with_fresh_safety_backup","Apply With Fresh Safety Backup","src/MystTiq.Desktop/MainWindow.axaml:3750"
"XAML","Keyed","ui.apply_with_fresh_safety_backup","Apply With Fresh Safety Backup","src/MystTiq.Desktop/MainWindow.axaml:1718"
"XAML","Keyed","ui.apply_with_fresh_safety_backup","Apply With Fresh Safety Backup","src/MystTiq.Desktop/MainWindow.axaml:897"
"XAML","Keyed","ui.apply_with_fresh_safety_backup","Apply With Fresh Safety Backup","src/MystTiq.Desktop/MainWindow.axaml:898"
"XAML","Keyed","ui.asks_paldefender_where_the_selected_online_playe_6a7616","Asks PalDefender where the selected online player is standing and adds it as a new line.","src/MystTiq.Desktop/MainWindow.axaml:1286"
"XAML","Keyed","ui.at_a_glance_operational_health_and_confirmed_iss_3e93e9","At-a-glance operational health and confirmed issues. Open MOD Library to browse, install, or change enabled state.","src/MystTiq.Desktop/MainWindow.axaml:1993"
"XAML","Keyed","ui.attention","ATTENTION","src/MystTiq.Desktop/MainWindow.axaml:503"
"XAML","Keyed","ui.audit_retention_is_append_only_from_the_gui_pers_92a532","Audit retention is append-only from the GUI. Persistent clear is intentionally policy-locked so management evidence cannot be silently erased.","src/MystTiq.Desktop/MainWindow.axaml:1813"
"XAML","Keyed","ui.authoritative_base_references","Authoritative Base References","src/MystTiq.Desktop/MainWindow.axaml:885"
"XAML","Keyed","ui.auto_refresh","Auto refresh","src/MystTiq.Desktop/MainWindow.axaml:248"
"XAML","Keyed","ui.auto_detect_local_service","Auto-Detect Local Service","src/MystTiq.Desktop/MainWindow.axaml:3501"
"XAML","Keyed","ui.auto_gift_the_chosen_kit_to_new_players","Auto-gift the chosen kit to new players","src/MystTiq.Desktop/MainWindow.axaml:1658"
"XAML","Keyed","nav.Automation","Automation","src/MystTiq.Desktop/MainWindow.axaml:307"
"XAML","Keyed","ui.available_local_steam_workshop_mods","Available Local Steam Workshop Mods","src/MystTiq.Desktop/MainWindow.axaml:2193"
"XAML","Keyed","ui.available_only_while_the_selected_player_is_onli_f21796","Available only while the selected player is online.","src/MystTiq.Desktop/MainWindow.axaml:1378"
"XAML","Keyed","ui.available_only_while_the_selected_player_is_onli_f21796","Available only while the selected player is online.","src/MystTiq.Desktop/MainWindow.axaml:1377"
"XAML","Keyed","dashboard.cleanup.tip","BACKEND REQUIRED: cleanup is not enabled until a safe server-side cleanup contract exists.","src/MystTiq.Desktop/MainWindow.axaml:427"
"XAML","Keyed","ui.backup","Backup","src/MystTiq.Desktop/MainWindow.axaml:1907"
"XAML","Keyed","dashboard.backup","BACKUP","src/MystTiq.Desktop/MainWindow.axaml:374"
"XAML","Keyed","ui.backup_all","Backup All","src/MystTiq.Desktop/MainWindow.axaml:3041"
"XAML","Keyed","nav.Backups","Backup Center","src/MystTiq.Desktop/MainWindow.axaml:287"
"XAML","Keyed","category.backups","Backups","src/MystTiq.Desktop/MainWindow.axaml:136"
"XAML","Keyed","ui.backups","Backups","src/MystTiq.Desktop/MainWindow.axaml:2688"
"XAML","Keyed","ui.ban","Ban","src/MystTiq.Desktop/MainWindow.axaml:1454"
"XAML","Keyed","ui.ban_list","Ban List","src/MystTiq.Desktop/MainWindow.axaml:1522"
"XAML","Keyed","ui.ban_player","Ban Player","src/MystTiq.Desktop/MainWindow.axaml:1378"
"XAML","Keyed","ui.bandwidth_limits","Bandwidth limits","src/MystTiq.Desktop/MainWindow.axaml:3200"
"XAML","Keyed","ui.bans_the_selected_online_player_immediately_same_0f5bde","Bans the selected online player immediately (same as Ban above), then automatically unbans them after the duration set here.","src/MystTiq.Desktop/MainWindow.axaml:1471"
"XAML","Keyed","ui.base_ids","Base IDs","src/MystTiq.Desktop/MainWindow.axaml:876"
"XAML","Keyed","ui.base_ownership_evidence","Base Ownership Evidence","src/MystTiq.Desktop/MainWindow.axaml:895"
"XAML","Keyed","ui.base_ownership_transfer","Base Ownership Transfer","src/MystTiq.Desktop/MainWindow.axaml:897"
"XAML","Keyed","ui.base_recovery","Base Recovery","src/MystTiq.Desktop/MainWindow.axaml:898"
"XAML","Keyed","ui.base_references","BASE REFERENCES","src/MystTiq.Desktop/MainWindow.axaml:821"
"XAML","Keyed","ui.base_references","BASE REFERENCES","src/MystTiq.Desktop/MainWindow.axaml:737"
"XAML","Keyed","nav.Bases","Bases","src/MystTiq.Desktop/MainWindow.axaml:283"
"XAML","Keyed","ui.bases","Bases","src/MystTiq.Desktop/MainWindow.axaml:736"
"XAML","Keyed","ui.bearer_token","Bearer token","src/MystTiq.Desktop/MainWindow.axaml:3529"
"XAML","Keyed","ui.bearer_token","Bearer token","src/MystTiq.Desktop/MainWindow.axaml:3360"
"XAML","Keyed","ui.bind_address","Bind address","src/MystTiq.Desktop/MainWindow.axaml:3412"
"XAML","Keyed","ui.binding","Binding","src/MystTiq.Desktop/MainWindow.axaml:2460"
"XAML","Keyed","ui.blank_this_host_s_default_server","Blank = this host's default server","src/MystTiq.Desktop/MainWindow.axaml:3358"
"XAML","Keyed","ui.bootstrap_local_service","Bootstrap Local Service","src/MystTiq.Desktop/MainWindow.axaml:3331"
"XAML","Keyed","ui.bot_shows_watching_n_players_online","Bot shows 'Watching N players online'","src/MystTiq.Desktop/MainWindow.axaml:2912"
"XAML","Keyed","ui.bot_token","Bot token","src/MystTiq.Desktop/MainWindow.axaml:2903"
"XAML","Keyed","ui.broadcast_hello","Broadcast Hello","src/MystTiq.Desktop/MainWindow.axaml:2815"
"XAML","Keyed","ui.browse","Browse","src/MystTiq.Desktop/MainWindow.axaml:3711"
"XAML","Keyed","ui.browse","Browse","src/MystTiq.Desktop/MainWindow.axaml:2689"
"XAML","Keyed","ui.browse","Browse","src/MystTiq.Desktop/MainWindow.axaml:2688"
"XAML","Keyed","ui.browse","Browse","src/MystTiq.Desktop/MainWindow.axaml:2687"
"XAML","Keyed","ui.browse","Browse","src/MystTiq.Desktop/MainWindow.axaml:2686"
"XAML","Keyed","ui.browse_for_map_background","Browse for Map Background","src/MystTiq.Desktop/MainWindow.axaml:1225"
"XAML","Keyed","ui.browse_palworld_mods_on_nexus_mods_and_install_a_851339","Browse Palworld mods on Nexus Mods and install a ZIP straight into the server through the same validated install as Choose ZIP. Your API key stays on this PC and is never sent to the MystTiq server. Get one from nexusmods.com under your account's API keys.","src/MystTiq.Desktop/MainWindow.axaml:2223"
"XAML","Keyed","ui.browse_open_are_local_profile_only_remote_paths_beddc2","Browse/Open are local-profile-only. Remote paths are validated and saved by the authenticated headless configuration service.","src/MystTiq.Desktop/MainWindow.axaml:2694"
"XAML","Keyed","ui.cancel","Cancel","src/MystTiq.Desktop/Views/SelectPlayerDialog.axaml:15"
"XAML","Keyed","ui.cancel","Cancel","src/MystTiq.Desktop/Views/SelectGuildDialog.axaml:15"
"XAML","Keyed","ui.cancel","Cancel","src/MystTiq.Desktop/MainWindow.axaml:2415"
"XAML","Keyed","ui.cancel","Cancel","src/MystTiq.Desktop/Views/ConfirmSaveDiscardDialog.axaml:15"
"XAML","Keyed","ui.cancel","Cancel","src/MystTiq.Desktop/Views/ConfirmOperationDialog.axaml:22"
"XAML","Keyed","ui.cancel","Cancel","src/MystTiq.Desktop/Views/ConfirmMinimizeToTrayDialog.axaml:15"
"XAML","Keyed","ui.cancel","Cancel","src/MystTiq.Desktop/Views/ConfirmDeletePlayerDialog.axaml:22"
"XAML","Keyed","ui.cancel","Cancel","src/MystTiq.Desktop/Views/ConfirmCopyPlayerDialog.axaml:22"
"XAML","Keyed","ui.cancel","Cancel","src/MystTiq.Desktop/Views/ConfirmCloseTabDialog.axaml:15"
"XAML","Keyed","ui.cancel","Cancel","src/MystTiq.Desktop/MainWindow.axaml:3543"
"XAML","Keyed","ui.capture_selected_player_s_position","Capture Selected Player's Position","src/MystTiq.Desktop/MainWindow.axaml:1286"
"XAML","Keyed","ui.category","CATEGORY","src/MystTiq.Desktop/MainWindow.axaml:1067"
"XAML","Keyed","ui.character_account_migration","Character / Account Migration","src/MystTiq.Desktop/MainWindow.axaml:1724"
"XAML","Keyed","ui.check_for_update","Check for Update","src/MystTiq.Desktop/MainWindow.axaml:2362"
"XAML","Keyed","ui.choose_zip_and_install","Choose ZIP & Install","src/MystTiq.Desktop/MainWindow.axaml:2183"
"XAML","Keyed","ui.claim_orphaned_guild","Claim Orphaned Guild…","src/MystTiq.Desktop/MainWindow.axaml:867"
"XAML","Keyed","dashboard.cleanup","CLEANUP","src/MystTiq.Desktop/MainWindow.axaml:427"
"XAML","Keyed","ui.clear_background","Clear Background","src/MystTiq.Desktop/MainWindow.axaml:1226"
"XAML","Keyed","ui.clear_persistent_audit_policy_locked","Clear Persistent Audit — POLICY LOCKED","src/MystTiq.Desktop/MainWindow.axaml:1803"
"XAML","Keyed","ui.clear_to_return_this_option_to_its_default_value","Clear to return this option to its default value.","src/MystTiq.Desktop/MainWindow.axaml:1036"
"XAML","Keyed","ui.clear_to_return_this_option_to_its_default_value","Clear to return this option to its default value.","src/MystTiq.Desktop/MainWindow.axaml:1053"
"XAML","Keyed","ui.clear_to_return_this_option_to_its_default_value","Clear to return this option to its default value.","src/MystTiq.Desktop/MainWindow.axaml:1019"
"XAML","Keyed","ui.clone","Clone","src/MystTiq.Desktop/MainWindow.axaml:3095"
"XAML","Keyed","ui.clone_an_existing_server","Clone an Existing Server","src/MystTiq.Desktop/MainWindow.axaml:3580"
"XAML","Keyed","ui.clone_from","Clone From","src/MystTiq.Desktop/MainWindow.axaml:3595"
"XAML","Keyed","ui.clone_now","Clone Now","src/MystTiq.Desktop/MainWindow.axaml:3610"
"XAML","Keyed","ui.clone_world","Clone World","src/MystTiq.Desktop/MainWindow.axaml:3064"
"XAML","Keyed","ui.close","Close","src/MystTiq.Desktop/MainWindow.axaml:119"
"XAML","Keyed","ui.close_tab","Close tab","src/MystTiq.Desktop/MainWindow.axaml:81"
"XAML","Keyed","ui.close_tab","Close tab","src/MystTiq.Desktop/Views/ConfirmCloseTabDialog.axaml:6"
"XAML","Keyed","ui.close_tab","Close tab","src/MystTiq.Desktop/MainWindow.axaml:81"
"XAML","Keyed","ui.close_window","Close window","src/MystTiq.Desktop/MainWindow.axaml:119"
"XAML","Keyed","ui.closes_this_tab_disabled_if_it_s_the_only_open_t_99ad6f","Closes this tab. Disabled if it's the only open tab.","src/MystTiq.Desktop/MainWindow.axaml:3543"
"XAML","Keyed","ui.command","Command","src/MystTiq.Desktop/MainWindow.axaml:1275"
"XAML","Keyed","ui.compatibility","COMPATIBILITY","src/MystTiq.Desktop/MainWindow.axaml:2348"
"XAML","Keyed","ui.component","COMPONENT","src/MystTiq.Desktop/MainWindow.axaml:3793"
"XAML","Keyed","ui.component","COMPONENT","src/MystTiq.Desktop/MainWindow.axaml:511"
"XAML","Keyed","ui.components","COMPONENTS","src/MystTiq.Desktop/MainWindow.axaml:501"
"XAML","Keyed","nav.Configuration","Configuration","src/MystTiq.Desktop/MainWindow.axaml:276"
"XAML","Keyed","ui.configuration_is_validated_before_writing_and_a_9746a1","Configuration is validated before writing and a rollback .bak is created. Changes apply after the MystTiq system service is restarted. Authentication/TLS security settings are displayed but are not weakened by this editor.","src/MystTiq.Desktop/MainWindow.axaml:3449"
"XAML","Keyed","ui.confirm","Confirm","src/MystTiq.Desktop/Views/ConfirmOperationDialog.axaml:6"
"XAML","Keyed","ui.confirmed","CONFIRMED","src/MystTiq.Desktop/MainWindow.axaml:2008"
"XAML","Keyed","ui.confirmed","CONFIRMED","src/MystTiq.Desktop/MainWindow.axaml:2654"
"XAML","Keyed","ui.connect_1a2303","Connect","src/MystTiq.Desktop/MainWindow.axaml:3544"
"XAML","Keyed","ui.connect_1a2303","Connect","src/MystTiq.Desktop/MainWindow.axaml:3374"
"XAML","Keyed","ui.connect_1a2303","Connect","src/MystTiq.Desktop/MainWindow.axaml:2226"
"XAML","Keyed","ui.connect_first_then_continue","Connect first, then continue.","src/MystTiq.Desktop/MainWindow.axaml:3545"
"XAML","Keyed","ui.connection_profiles","Connection profiles","src/MystTiq.Desktop/MainWindow.axaml:3319"
"XAML","Keyed","nav.Console","Console","src/MystTiq.Desktop/MainWindow.axaml:277"
"XAML","Keyed","ui.console_log","CONSOLE LOG","src/MystTiq.Desktop/MainWindow.axaml:1846"
"XAML","Keyed","ui.continue","Continue →","src/MystTiq.Desktop/MainWindow.axaml:3719"
"XAML","Keyed","ui.continuing_registers_this_as_a_new_server_profil_323daf","Continuing registers this as a new server profile and restarts the local MystTiq service automatically to bring it online, then reconnects this wizard to it. Only available for local, non-Windows-Service MystTiq installs.","src/MystTiq.Desktop/MainWindow.axaml:3715"
"XAML","Keyed","ui.cooldown_s","Cooldown (s)","src/MystTiq.Desktop/MainWindow.axaml:1277"
"XAML","Keyed","ui.coordinates_are_paldefender_s_own_what_its_getpo_038d13","Coordinates are PalDefender's own (what its getpos shows). Easiest: select an online player standing on the spot, press Capture, rename the new line, Save.","src/MystTiq.Desktop/MainWindow.axaml:1282"
"XAML","Keyed","ui.copies_an_already_configured_server_s_binaries_w_224551","Copies an already-configured server's binaries, world, and settings into this new one, with ports offset automatically.","src/MystTiq.Desktop/MainWindow.axaml:3581"
"XAML","Keyed","ui.copies_inventory_recipes_records_skins_and_quest_c1ee83","Copies inventory, recipes, records, skins, and quest progress from another player onto this one. Requires PalServer stopped.","src/MystTiq.Desktop/MainWindow.axaml:1380"
"XAML","Keyed","ui.copy_base_id","Copy Base ID","src/MystTiq.Desktop/MainWindow.axaml:895"
"XAML","Keyed","ui.copy_base_info","Copy Base Info","src/MystTiq.Desktop/MainWindow.axaml:888"
"XAML","Keyed","ui.copy_data","Copy Data","src/MystTiq.Desktop/Views/ConfirmCopyPlayerDialog.axaml:23"
"XAML","Keyed","ui.copy_guild_id","Copy Guild ID","src/MystTiq.Desktop/MainWindow.axaml:875"
"XAML","Keyed","dashboard.copyId","Copy ID","src/MystTiq.Desktop/MainWindow.axaml:368"
"XAML","Keyed","ui.copy_ip_port","Copy IP:Port","src/MystTiq.Desktop/MainWindow.axaml:2502"
"XAML","Keyed","ui.copy_player_data","Copy Player Data","src/MystTiq.Desktop/Views/ConfirmCopyPlayerDialog.axaml:6"
"XAML","Keyed","ui.copy_player_data_from","Copy Player Data From…","src/MystTiq.Desktop/MainWindow.axaml:1380"
"XAML","Keyed","ui.copy_report","Copy Report","src/MystTiq.Desktop/MainWindow.axaml:2469"
"XAML","Keyed","dashboard.copyId.tip","Copy the full canonical World ID.","src/MystTiq.Desktop/MainWindow.axaml:368"
"XAML","Keyed","ui.copy_world_id","Copy World ID","src/MystTiq.Desktop/MainWindow.axaml:717"
"XAML","Keyed","ui.core_server","CORE SERVER","src/MystTiq.Desktop/MainWindow.axaml:615"
"XAML","Keyed","dashboard.cpu","CPU","src/MystTiq.Desktop/MainWindow.axaml:395"
"XAML","Keyed","ui.cpu","CPU","src/MystTiq.Desktop/MainWindow.axaml:1766"
"XAML","Keyed","ui.crash_alerts","Crash Alerts","src/MystTiq.Desktop/MainWindow.axaml:2848"
"XAML","Keyed","nav.CrashAnalyzer","Crash Analyzer","src/MystTiq.Desktop/MainWindow.axaml:296"
"XAML","Keyed","ui.create","Create","src/MystTiq.Desktop/MainWindow.axaml:2986"
"XAML","Keyed","ui.create_account","Create Account","src/MystTiq.Desktop/MainWindow.axaml:3006"
"XAML","Keyed","ui.create_principal","Create Principal","src/MystTiq.Desktop/MainWindow.axaml:2984"
"XAML","Keyed","ui.create_rule","Create Rule","src/MystTiq.Desktop/MainWindow.axaml:2817"
"XAML","Keyed","ui.create_support_package","Create Support Package","src/MystTiq.Desktop/MainWindow.axaml:2469"
"XAML","Keyed","ui.created","Created","src/MystTiq.Desktop/MainWindow.axaml:1906"
"XAML","Keyed","ui.creates_a_test_notification_through_the_normal_p_b060d4","Creates a test notification through the normal path: it appears on the Notifications page and goes to every switched-on channel unless delivery is paused.","src/MystTiq.Desktop/MainWindow.axaml:2883"
"XAML","Keyed","ui.creating_default_settings_here_is_optional_skip_9caa28","Creating default settings here is optional -- skip ahead if this server already has its own PalWorldSettings.ini.","src/MystTiq.Desktop/MainWindow.axaml:3914"
"XAML","Keyed","ui.cross_feature_view_of_the_shared_operation_coord_809d15","Cross-feature view of the shared operation coordinator — World Transactions, Guild Ownership and Base Ownership/Recovery all run through it and are rejected from running concurrently against the same world.","src/MystTiq.Desktop/MainWindow.axaml:2726"
"XAML","Keyed","dashboard.currentOperation","CURRENT OPERATION","src/MystTiq.Desktop/MainWindow.axaml:487"
"XAML","Keyed","dashboard.cpu.tip","Current PalServer CPU utilization.","src/MystTiq.Desktop/MainWindow.axaml:399"
"XAML","Keyed","dashboard.memory.tip","Current PalServer memory relative to the recent history peak.","src/MystTiq.Desktop/MainWindow.axaml:400"
"XAML","Keyed","ui.customize_after_install","Customize After Install","src/MystTiq.Desktop/MainWindow.axaml:3680"
"XAML","Keyed","ui.customize_world_settings_any_time_from_server_co_1fa64e","Customize World Settings any time from Server → Configuration on this server.","src/MystTiq.Desktop/MainWindow.axaml:3943"
"XAML","Keyed","nav.Dashboard","Dashboard","src/MystTiq.Desktop/MainWindow.axaml:272"
"XAML","Keyed","ui.deep_verification","Deep verification","src/MystTiq.Desktop/MainWindow.axaml:1891"
"XAML","Keyed","ui.default_value","DEFAULT VALUE","src/MystTiq.Desktop/MainWindow.axaml:1070"
"XAML","Keyed","ui.delete","Delete","src/MystTiq.Desktop/MainWindow.axaml:2802"
"XAML","Keyed","ui.delete","Delete","src/MystTiq.Desktop/MainWindow.axaml:3025"
"XAML","Keyed","ui.delete_kit","Delete Kit","src/MystTiq.Desktop/MainWindow.axaml:1644"
"XAML","Keyed","ui.delete_permanently","Delete Permanently","src/MystTiq.Desktop/Views/ConfirmDeletePlayerDialog.axaml:23"
"XAML","Keyed","ui.delete_player","Delete Player","src/MystTiq.Desktop/Views/ConfirmDeletePlayerDialog.axaml:6"
"XAML","Keyed","ui.delete_player_completely","Delete Player Completely…","src/MystTiq.Desktop/MainWindow.axaml:1381"
"XAML","Keyed","ui.delete_profile","Delete Profile","src/MystTiq.Desktop/MainWindow.axaml:3376"
"XAML","Keyed","ui.delete_selected","Delete Selected","src/MystTiq.Desktop/MainWindow.axaml:2299"
"XAML","Keyed","ui.delete_selected","Delete Selected","src/MystTiq.Desktop/MainWindow.axaml:1933"
"XAML","Keyed","ui.density","Density","src/MystTiq.Desktop/MainWindow.axaml:3284"
"XAML","Keyed","ui.deployment_mode","DEPLOYMENT MODE","src/MystTiq.Desktop/MainWindow.axaml:2674"
"XAML","Keyed","ui.description","Description","src/MystTiq.Desktop/MainWindow.axaml:1069"
"XAML","Keyed","ui.description","Description","src/MystTiq.Desktop/MainWindow.axaml:934"
"XAML","Keyed","ui.description","Description","src/MystTiq.Desktop/MainWindow.axaml:2374"
"XAML","Keyed","ui.description","Description","src/MystTiq.Desktop/MainWindow.axaml:3630"
"XAML","Keyed","dashboard.description","DESCRIPTION","src/MystTiq.Desktop/MainWindow.axaml:485"
"XAML","Keyed","ui.description","Description","src/MystTiq.Desktop/MainWindow.axaml:3879"
"XAML","Keyed","ui.destination_player","Destination player","src/MystTiq.Desktop/MainWindow.axaml:1734"
"XAML","Keyed","ui.details","DETAILS","src/MystTiq.Desktop/MainWindow.axaml:514"
"XAML","Keyed","ui.details","DETAILS","src/MystTiq.Desktop/MainWindow.axaml:3796"
"XAML","Keyed","ui.diagnose_connection","Diagnose Connection","src/MystTiq.Desktop/MainWindow.axaml:2518"
"XAML","Keyed","ui.diagnoses_the_selected_connection_profile_from_t_354026","Diagnoses the selected connection profile from THIS machine -- DNS, TCP, TLS, then HTTP -- works even when the server is fully unreachable.","src/MystTiq.Desktop/MainWindow.axaml:2521"
"XAML","Keyed","nav.DiagnosticsCenter","Diagnostics","src/MystTiq.Desktop/MainWindow.axaml:298"
"XAML","Keyed","ui.disable_selected","Disable Selected","src/MystTiq.Desktop/MainWindow.axaml:2294"
"XAML","Keyed","ui.disabled","DISABLED","src/MystTiq.Desktop/MainWindow.axaml:2010"
"XAML","Keyed","ui.disabled","DISABLED","src/MystTiq.Desktop/MainWindow.axaml:2424"
"XAML","Keyed","ui.disabled_and_active_unverified_are_informational_87d14e","Disabled and Active / Unverified are informational states; only explicit enabled-MOD failures degrade health. Right-click a MOD for actions; Enable All/Disable All/Repair/Safe-Start Diagnostic are in the ribbon above.","src/MystTiq.Desktop/MainWindow.axaml:2289"
"XAML","Keyed","ui.discard","Discard","src/MystTiq.Desktop/Views/ConfirmSaveDiscardDialog.axaml:16"
"XAML","Keyed","ui.discord_bot","Discord Bot","src/MystTiq.Desktop/MainWindow.axaml:2894"
"XAML","Keyed","ui.discord_role_id","Discord role ID","src/MystTiq.Desktop/MainWindow.axaml:2916"
"XAML","Keyed","ui.discover_lan_services","Discover LAN Services","src/MystTiq.Desktop/MainWindow.axaml:3330"
"XAML","Keyed","ui.discovered_worlds","Discovered Worlds","src/MystTiq.Desktop/MainWindow.axaml:752"
"XAML","Keyed","ui.disk_exhaustion_predicted_within_days","Disk exhaustion predicted within (days)","src/MystTiq.Desktop/MainWindow.axaml:2838"
"XAML","Keyed","ui.disk_space_prediction","DISK SPACE PREDICTION","src/MystTiq.Desktop/MainWindow.axaml:2830"
"XAML","Keyed","ui.disks","Disks","src/MystTiq.Desktop/MainWindow.axaml:3254"
"XAML","Keyed","ui.dismiss","Dismiss","src/MystTiq.Desktop/MainWindow.axaml:2782"
"XAML","Keyed","ui.display_name_optional","Display name (optional)","src/MystTiq.Desktop/MainWindow.axaml:3002"
"XAML","Keyed","ui.display_name_optional","Display name (optional)","src/MystTiq.Desktop/MainWindow.axaml:3084"
"XAML","Keyed","ui.doctor_all","Doctor All","src/MystTiq.Desktop/MainWindow.axaml:3042"
"XAML","Keyed","ui.download_and_install_selected_file","Download & Install Selected File","src/MystTiq.Desktop/MainWindow.axaml:2263"
"XAML","Keyed","ui.downloads","Downloads","src/MystTiq.Desktop/MainWindow.axaml:2690"
"XAML","Keyed","ui.downloads_and_installs_the_palworld_dedicated_se_6cbeec","Downloads and installs the Palworld dedicated server via SteamCMD (also installs SteamCMD itself if it's missing). Safe to run again later -- it validates rather than reinstalling if the files already exist.","src/MystTiq.Desktop/MainWindow.axaml:3730"
"XAML","Keyed","ui.draws_players_who_are_not_online_at_the_last_pos_6351ae","Draws players who are not online at the last position their save recorded. This is where the game last saved them, not a live position.","src/MystTiq.Desktop/MainWindow.axaml:1212"
"XAML","Keyed","ui.duplicates_the_currently_connected_profile_s_ent_1e1bf3","Duplicates the currently connected profile's entire installation (game binaries + world/config) into a brand-new profile, with ports offset so both can run together. The source server must be stopped first. The new profile requires a MystTiq service restart to come online.","src/MystTiq.Desktop/MainWindow.axaml:3065"
"XAML","Keyed","ui.duration_in_hours_before_this_ban_is_automatical_527be4","Duration in hours before this ban is automatically lifted.","src/MystTiq.Desktop/MainWindow.axaml:1470"
"XAML","Keyed","ui.e_g_world_2","e.g. world-2","src/MystTiq.Desktop/MainWindow.axaml:3604"
"XAML","Keyed","ui.each_finding_matches_a_known_failure_pattern_and_0dac47","Each finding matches a known failure pattern and comes with a plain-language cause and things to try. MystTiq reports what the logs say and what it usually means; it never promotes a successful-load line or last-message proximity into an invented cause. Findings marked NEW appeared since the previous analysis, so running it again does not re-raise the same old lines.","src/MystTiq.Desktop/MainWindow.axaml:2737"
"XAML","Keyed","ui.eco_mode","Eco mode","src/MystTiq.Desktop/MainWindow.axaml:3160"
"XAML","Keyed","ui.edit_selected_pal","Edit Selected Pal","src/MystTiq.Desktop/MainWindow.axaml:1704"
"XAML","Keyed","ui.editable_on_the_workspace_page_which_is_the_one_29c1bc","Editable on the Workspace page, which is the one authoritative place for these paths.","src/MystTiq.Desktop/MainWindow.axaml:3444"
"XAML","Keyed","ui.elapsed_time_since_this_operation_started","Elapsed time since this operation started.","src/MystTiq.Desktop/MainWindow.axaml:3969"
"XAML","Keyed","ui.enable_disable","Enable / Disable","src/MystTiq.Desktop/MainWindow.axaml:2802"
"XAML","Keyed","ui.enable_disable","Enable / Disable","src/MystTiq.Desktop/MainWindow.axaml:3024"
"XAML","Keyed","ui.enable_selected","Enable Selected","src/MystTiq.Desktop/MainWindow.axaml:2293"
"XAML","Keyed","ui.enable_disable_requires_palserver_to_be_stopped_481d00","Enable/disable requires PalServer to be stopped. PAK state is managed through ~mods files. UE4SS state uses the resolver-selected active Mods root and mods.txt; enabled.txt overrides are neutralized.","src/MystTiq.Desktop/MainWindow.axaml:2441"
"XAML","Keyed","ui.enabled_92c1cd","Enabled","src/MystTiq.Desktop/MainWindow.axaml:3410"
"XAML","Keyed","ui.enabled_92c1cd","Enabled","src/MystTiq.Desktop/MainWindow.axaml:2902"
"XAML","Keyed","ui.enabled_auto_kick_anyone_not_listed","Enabled -- auto-kick anyone not listed","src/MystTiq.Desktop/MainWindow.axaml:1592"
"XAML","Keyed","ui.enabled","Enabled:","src/MystTiq.Desktop/MainWindow.axaml:2800"
"XAML","Keyed","ui.ends_this_session_on_the_server_and_forgets_the_051e27","Ends this session on the server and forgets the saved token for this profile.","src/MystTiq.Desktop/MainWindow.axaml:3387"
"XAML","Keyed","ui.environment_checks_come_from_the_managed_server","Environment checks come from the managed server.","src/MystTiq.Desktop/MainWindow.axaml:2676"
"XAML","Keyed","ui.environment_health","ENVIRONMENT HEALTH","src/MystTiq.Desktop/MainWindow.axaml:504"
"XAML","Keyed","ui.events_channel_id","Events channel ID","src/MystTiq.Desktop/MainWindow.axaml:2911"
"XAML","Keyed","ui.every_accepted_mutation_records_preview_acceptan_5df00d","Every accepted mutation records preview acceptance, fresh backup, staging, atomic swap, post-validation, completion or rollback.","src/MystTiq.Desktop/MainWindow.axaml:2719"
"XAML","Keyed","ui.every_core","every core","src/MystTiq.Desktop/MainWindow.axaml:3171"
"XAML","Keyed","ui.every_palworld_process_on_this_machine_not_just_15e4c1","Every Palworld process on this machine, not just the one this tab manages. Select an instance to see details and available actions.","src/MystTiq.Desktop/MainWindow.axaml:2581"
"XAML","Keyed","ui.every_rule_defaults_to_flag_notify_log_only_swit_66192b","Every rule defaults to Flag (notify + log only). Switch a rule to Kick or Ban to have MystTiq act automatically through the same moderation path the Discord bot and REST API already use.","src/MystTiq.Desktop/MainWindow.axaml:2944"
"XAML","Keyed","ui.evidence","EVIDENCE","src/MystTiq.Desktop/MainWindow.axaml:2138"
"XAML","Keyed","ui.evidence","EVIDENCE","src/MystTiq.Desktop/MainWindow.axaml:2352"
"XAML","Keyed","ui.evidence_most_recent_matching_lines","Evidence (most recent matching lines)","src/MystTiq.Desktop/MainWindow.axaml:2754"
"XAML","Keyed","ui.evidence_model","Evidence Model","src/MystTiq.Desktop/MainWindow.axaml:842"
"XAML","Keyed","ui.executable_root","Executable root","src/MystTiq.Desktop/MainWindow.axaml:2683"
"XAML","Keyed","ui.exit_gui_only_keep_services_running","Exit GUI Only — keep services running","src/MystTiq.Desktop/App.axaml:18"
"XAML","Keyed","ui.export_bases_csv","Export Bases CSV","src/MystTiq.Desktop/MainWindow.axaml:883"
"XAML","Keyed","ui.export_guilds_csv","Export Guilds CSV","src/MystTiq.Desktop/MainWindow.axaml:854"
"XAML","Keyed","ui.export_report","Export Report","src/MystTiq.Desktop/MainWindow.axaml:2469"
"XAML","Keyed","ui.export_visible","Export Visible","src/MystTiq.Desktop/MainWindow.axaml:1803"
"XAML","Keyed","ui.exports","Exports","src/MystTiq.Desktop/MainWindow.axaml:2691"
"XAML","Keyed","ui.fetch_refresh_description","Fetch / Refresh Description","src/MystTiq.Desktop/MainWindow.axaml:2376"
"XAML","Keyed","ui.fewer_network_updates_per_second_use_less_upload_e95bc8","Fewer network updates per second use less upload and processor, but movement looks less smooth; more than 60 costs processor for little gain.","src/MystTiq.Desktop/MainWindow.axaml:3227"
"XAML","Keyed","ui.files","FILES","src/MystTiq.Desktop/MainWindow.axaml:736"
"XAML","Keyed","ui.files","FILES","src/MystTiq.Desktop/MainWindow.axaml:723"
"XAML","Keyed","ui.filter_the_console_by_severity","Filter the console by severity.","src/MystTiq.Desktop/MainWindow.axaml:1850"
"XAML","Keyed","ui.filter_the_console_by_source_category","Filter the console by source/category.","src/MystTiq.Desktop/MainWindow.axaml:1851"
"XAML","Keyed","ui.filter_search_pause_and_export_the_combined_pals_5c9e27","Filter, search, pause and export the combined PalServer/MystTiq log view. Server logging continues while the view is paused.","src/MystTiq.Desktop/MainWindow.axaml:1754"
"XAML","Keyed","ui.find_an_item_or_pal","Find an item or Pal","src/MystTiq.Desktop/MainWindow.axaml:1490"
"XAML","Keyed","ui.findings","Findings","src/MystTiq.Desktop/MainWindow.axaml:2740"
"XAML","Keyed","ui.finish_setup_with_defaults_then_fine_tune_every_381464","Finish setup with defaults, then fine-tune every World Setting on the Configuration page.","src/MystTiq.Desktop/MainWindow.axaml:3681"
"XAML","Keyed","ui.fires_when_an_enabled_mod_reports_failed_missing_d454e6","Fires when an enabled MOD reports Failed/Missing/Misconfigured/Attention","src/MystTiq.Desktop/MainWindow.axaml:2839"
"XAML","Keyed","nav.Fleet","Fleet","src/MystTiq.Desktop/MainWindow.axaml:310"
"XAML","Keyed","ui.fleet","Fleet","src/MystTiq.Desktop/MainWindow.axaml:3035"
"XAML","Keyed","ui.fleet_actions","Fleet Actions","src/MystTiq.Desktop/MainWindow.axaml:3038"
"XAML","Keyed","ui.for_a_mysttiq_with_authentication_on_remote_acce_6d3ba2","For a MystTiq with authentication on (remote access). The Owner creates accounts on the Security page. What you can do follows your account's role.","src/MystTiq.Desktop/MainWindow.axaml:3382"
"XAML","Keyed","ui.for_a_remote_server_this_is_the_server_s_own_mac_9c32c0","For a remote server, this is the server's own machine, not this PC.","src/MystTiq.Desktop/MainWindow.axaml:3135"
"XAML","Keyed","ui.force_exit","Force Exit","src/MystTiq.Desktop/Views/ConfirmMinimizeToTrayDialog.axaml:16"
"XAML","Keyed","ui.force_exit_terminate_server_and_management_backe_529aef","Force Exit — terminate server and management backend","src/MystTiq.Desktop/App.axaml:17"
"XAML","Keyed","ui.force_kill_unmanaged","Force Kill (Unmanaged)","src/MystTiq.Desktop/MainWindow.axaml:2608"
"XAML","Keyed","dashboard.save.tip","Force-saves the world immediately, via RCON (Save) -- the same effect as the server's own periodic autosave, on demand.","src/MystTiq.Desktop/MainWindow.axaml:426"
"XAML","Keyed","ui.forget","Forget","src/MystTiq.Desktop/MainWindow.axaml:3533"
"XAML","Keyed","ui.forget","Forget","src/MystTiq.Desktop/MainWindow.axaml:3367"
"XAML","Keyed","ui.forget_key","Forget Key","src/MystTiq.Desktop/MainWindow.axaml:2228"
"XAML","Keyed","ui.frame_time","Frame Time","src/MystTiq.Desktop/MainWindow.axaml:1790"
"XAML","Keyed","ui.free_account_paste_the_nxm_link_from_the_mod_man_1520ec","Free account: paste the nxm:// link from the Mod Manager Download button","src/MystTiq.Desktop/MainWindow.axaml:2265"
"XAML","Keyed","ui.full_canonical_active_world_id","Full canonical active World ID","src/MystTiq.Desktop/MainWindow.axaml:717"
"XAML","Keyed","ui.full_canonical_world_id","Full canonical World ID","src/MystTiq.Desktop/MainWindow.axaml:758"
"XAML","Keyed","ui.game_port","GAME PORT","src/MystTiq.Desktop/MainWindow.axaml:3884"
"XAML","Keyed","ui.game_port","GAME PORT","src/MystTiq.Desktop/MainWindow.axaml:2457"
"XAML","Keyed","ui.game_port","GAME PORT","src/MystTiq.Desktop/MainWindow.axaml:3640"
"XAML","Keyed","ui.gender","Gender","src/MystTiq.Desktop/MainWindow.axaml:1712"
"XAML","Keyed","ui.generate_a_random_server_name","Generate a random server name","src/MystTiq.Desktop/MainWindow.axaml:3878"
"XAML","Keyed","ui.generate_a_random_server_name","Generate a random server name","src/MystTiq.Desktop/MainWindow.axaml:3878"
"XAML","Keyed","ui.generate_a_random_server_name","Generate a random server name","src/MystTiq.Desktop/MainWindow.axaml:3629"
"XAML","Keyed","ui.generate_a_random_server_name","Generate a random server name","src/MystTiq.Desktop/MainWindow.axaml:932"
"XAML","Keyed","ui.generate_a_random_server_name","Generate a random server name","src/MystTiq.Desktop/MainWindow.axaml:3629"
"XAML","Keyed","ui.generates_a_random_server_browser_name_locally_s_c54884","Generates a random server-browser name locally; Save Changes is still required.","src/MystTiq.Desktop/MainWindow.axaml:932"
"XAML","Keyed","ui.give","Give","src/MystTiq.Desktop/MainWindow.axaml:1480"
"XAML","Keyed","ui.give_items_typed_in_player_administration","Give Items (typed in Player Administration)","src/MystTiq.Desktop/MainWindow.axaml:1385"
"XAML","Keyed","ui.give_items_or_pals","Give items or Pals","src/MystTiq.Desktop/MainWindow.axaml:1476"
"XAML","Keyed","ui.give_kit_to_selected_player","Give Kit To Selected Player","src/MystTiq.Desktop/MainWindow.axaml:1669"
"XAML","Keyed","ui.gives_the_items_and_pals_typed_in_the_give_box_u_d5e13e","Gives the items and Pals typed in the Give box under Player Administration to this online player, through PalDefender over RCON.","src/MystTiq.Desktop/MainWindow.axaml:1385"
"XAML","Keyed","ui.gives_the_selected_kit_to_the_player_selected_in_d833e0","Gives the selected kit to the player selected in the directory or on the map. The player must be online, and the kit must be saved first.","src/MystTiq.Desktop/MainWindow.axaml:1669"
"XAML","Keyed","ui.gives_these_to_the_selected_online_player_throug_2328b5","Gives these to the selected online player, through PalDefender over RCON. Needs PalDefender installed and RCON enabled.","src/MystTiq.Desktop/MainWindow.axaml:1480"
"XAML","Keyed","ui.guild_server_id","Guild (server) ID","src/MystTiq.Desktop/MainWindow.axaml:2905"
"XAML","Keyed","ui.guild_bases","Guild bases","src/MystTiq.Desktop/MainWindow.axaml:1326"
"XAML","Keyed","ui.guild_details","Guild Details","src/MystTiq.Desktop/MainWindow.axaml:875"
"XAML","Keyed","ui.guild_directory","Guild Directory","src/MystTiq.Desktop/MainWindow.axaml:860"
"XAML","Keyed","ui.guild_ownership_operations","Guild Ownership Operations","src/MystTiq.Desktop/MainWindow.axaml:879"
"XAML","Keyed","ui.guild_scoped_slash_commands_mysttiq_status_playe_0306a0","Guild-scoped slash commands (/mysttiq-status, players, start, stop, restart, broadcast, save, backup, kick, ban, unban) run against this server from Discord, gated by the role mapping below: status and players need Viewer, server control, save and backup need Operator, kick, ban and unban need Admin. Kick and Ban autocomplete from the players online right now. Connects outbound to Discord's gateway, so no public endpoint is exposed.","src/MystTiq.Desktop/MainWindow.axaml:2900"
"XAML","Keyed","ui.guilds","Guilds","src/MystTiq.Desktop/MainWindow.axaml:827"
"XAML","Keyed","nav.Guilds","Guilds","src/MystTiq.Desktop/MainWindow.axaml:284"
"XAML","Keyed","ui.guilds","Guilds","src/MystTiq.Desktop/MainWindow.axaml:737"
"XAML","Keyed","ui.guilds","Guilds","src/MystTiq.Desktop/MainWindow.axaml:736"
"XAML","Keyed","dashboard.guildsBases","GUILDS & BASES","src/MystTiq.Desktop/MainWindow.axaml:391"
"XAML","Keyed","dashboard.health","HEALTH","src/MystTiq.Desktop/MainWindow.axaml:419"
"XAML","Keyed","ui.health","HEALTH","src/MystTiq.Desktop/MainWindow.axaml:2006"
"XAML","Keyed","dashboard.format.health","Health: {0}","src/MystTiq.Desktop/MainWindow.axaml:392"
"XAML","Keyed","ui.hide_duplicate_names","Hide duplicate names","src/MystTiq.Desktop/MainWindow.axaml:1365"
"XAML","Keyed","ui.hide_routine_rest","Hide routine REST","src/MystTiq.Desktop/MainWindow.axaml:1853"
"XAML","Keyed","ui.history","History","src/MystTiq.Desktop/MainWindow.axaml:3143"
"XAML","Keyed","category.home","Home","src/MystTiq.Desktop/MainWindow.axaml:133"
"XAML","Keyed","category.host","Host","src/MystTiq.Desktop/MainWindow.axaml:140"
"XAML","Keyed","nav.Host","Host & Performance","src/MystTiq.Desktop/MainWindow.axaml:301"
"XAML","Keyed","ui.how_long_a_player_waits_between_teleports","How long a player waits between teleports.","src/MystTiq.Desktop/MainWindow.axaml:1278"
"XAML","Keyed","ui.how_much_the_server_may_send_to_each_player_and_7bff90","How much the server may send to each player, and how often it updates them. These are the game's own network settings in the server's Engine.ini; MystTiq writes them just before every start and changes nothing else in that file.","src/MystTiq.Desktop/MainWindow.axaml:3201"
"XAML","Keyed","ui.how_often_a_still_active_condition_sends_a_still_24ec91","How often a still-active condition sends a 'Still active: ...' follow-up. Applies to every rule above. The original alert is unaffected either way.","src/MystTiq.Desktop/MainWindow.axaml:2843"
"XAML","Keyed","ui.how_should_this_new_server_s_world_start_out","How should this new server's world start out?","src/MystTiq.Desktop/MainWindow.axaml:3555"
"XAML","Keyed","ui.http_127_0_0_1_8213","http://127.0.0.1:8213","src/MystTiq.Desktop/MainWindow.axaml:3508"
"XAML","Keyed","ui.https_uses_normal_os_certificate_validation_unle_8cdd75","HTTPS uses normal OS certificate validation unless an explicit SHA-256 certificate pin is configured.","src/MystTiq.Desktop/MainWindow.axaml:3457"
"XAML","Keyed","ui.https_192_168_1_248_8213","https://192.168.1.248:8213","src/MystTiq.Desktop/MainWindow.axaml:3348"
"XAML","Keyed","ui.https_192_168_1_248_8213","https://192.168.1.248:8213","src/MystTiq.Desktop/MainWindow.axaml:3528"
"XAML","Keyed","ui.https_github_com_owner_repo","https://github.com/owner/repo","src/MystTiq.Desktop/MainWindow.axaml:2397"
"XAML","Keyed","ui.i_confirm_creation_of_a_new_settings_file","I confirm creation of a new settings file","src/MystTiq.Desktop/MainWindow.axaml:3890"
"XAML","Keyed","ui.i_reviewed_this_plan_and_confirm_the_active_palw_4fd78f","I reviewed this plan and confirm the active Palworld server is stopped.","src/MystTiq.Desktop/MainWindow.axaml:879"
"XAML","Keyed","ui.i_reviewed_this_plan_and_confirm_the_active_palw_4fd78f","I reviewed this plan and confirm the active Palworld server is stopped.","src/MystTiq.Desktop/MainWindow.axaml:2714"
"XAML","Keyed","ui.i_reviewed_this_plan_and_confirm_the_active_palw_4fd78f","I reviewed this plan and confirm the active Palworld server is stopped.","src/MystTiq.Desktop/MainWindow.axaml:897"
"XAML","Keyed","ui.i_reviewed_this_plan_and_confirm_the_active_palw_4fd78f","I reviewed this plan and confirm the active Palworld server is stopped.","src/MystTiq.Desktop/MainWindow.axaml:1717"
"XAML","Keyed","ui.i_reviewed_this_plan_and_confirm_the_active_palw_73337a","I reviewed this plan and confirm the active Palworld server is stopped. I understand this permanently deletes the base and its owned objects.","src/MystTiq.Desktop/MainWindow.axaml:898"
"XAML","Keyed","ui.i_reviewed_this_plan_and_confirm_the_server_is_s_fe3a69","I reviewed this plan and confirm the server is stopped.","src/MystTiq.Desktop/MainWindow.axaml:3749"
"XAML","Keyed","ui.i_understand_restore_replaces_the_active_save","I understand restore replaces the active save","src/MystTiq.Desktop/MainWindow.axaml:1935"
"XAML","Keyed","ui.i_understand_this_copies_the_entire_server_insta_704aeb","I understand this copies the entire server installation and can take a while.","src/MystTiq.Desktop/MainWindow.axaml:3094"
"XAML","Keyed","ui.import_a_world","Import a World","src/MystTiq.Desktop/MainWindow.axaml:3571"
"XAML","Keyed","ui.import_archive_workflow_analyze_accept_options_r_f2373d","Import archive workflow: Analyze → Accept Options → Review Plan → Apply. World Import replaces the active world; Player Recovery overlays only canonical Players/<32-hex>.sav files. Guild ownership repair (Claim/Transfer/Add Player) is live from the Guilds page; Base ownership transfer and recovery (v0.5.3.0/v0.5.4.0) are live from the Bases page.","src/MystTiq.Desktop/MainWindow.axaml:2711"
"XAML","Keyed","ui.import_selected","Import Selected","src/MystTiq.Desktop/MainWindow.axaml:2197"
"XAML","Keyed","ui.import_selected","Import Selected","src/MystTiq.Desktop/MainWindow.axaml:3840"
"XAML","Keyed","ui.import_your_world","Import Your World","src/MystTiq.Desktop/MainWindow.axaml:3739"
"XAML","Keyed","ui.impossible_level_max_allowed","Impossible level (max allowed)","src/MystTiq.Desktop/MainWindow.axaml:2949"
"XAML","Keyed","ui.in_game_map_coordinates_as_the_game_s_own_map_sh_0b705a","In-game map coordinates, as the game's own map shows them.","src/MystTiq.Desktop/MainWindow.axaml:1327"
"XAML","Keyed","ui.individual_pal_stat_identity_editing_decoded_fro_c219fa","Individual Pal stat/identity editing, decoded from the active world's Level.sav. Skill lists, species, and inventory are not editable yet.","src/MystTiq.Desktop/MainWindow.axaml:1697"
"XAML","Keyed","ui.inspect_installed_server_mod_packages_install_ne_2829f1","Inspect installed server MOD packages, install new ones, and control enabled state through the managed backend.","src/MystTiq.Desktop/MainWindow.axaml:2159"
"XAML","Keyed","ui.inspect_the_active_runtime_resolver_mods_roots_r_723742","Inspect the active runtime resolver, Mods roots, runtime evidence, and compatibility warnings.","src/MystTiq.Desktop/MainWindow.axaml:1976"
"XAML","Keyed","ui.inspection_is_read_only_save_mutation_remains_be_30042e","Inspection is read-only. Save mutation remains behind the reviewed World Transaction workflow and its backup, confirmation, staging and rollback protections.","src/MystTiq.Desktop/MainWindow.axaml:2767"
"XAML","Keyed","nav.Inspector","Inspector","src/MystTiq.Desktop/MainWindow.axaml:281"
"XAML","Keyed","ui.install_from_link","Install From Link","src/MystTiq.Desktop/MainWindow.axaml:2266"
"XAML","Keyed","ui.install_palworld_dedicated_server","Install Palworld Dedicated Server","src/MystTiq.Desktop/MainWindow.axaml:3769"
"XAML","Keyed","ui.install_validated_zip","Install Validated ZIP","src/MystTiq.Desktop/MainWindow.axaml:2166"
"XAML","Keyed","ui.install_with_extras_ue4ss","Install with Extras (+ UE4SS)","src/MystTiq.Desktop/MainWindow.axaml:3770"
"XAML","Keyed","ui.installation","INSTALLATION","src/MystTiq.Desktop/MainWindow.axaml:2336"
"XAML","Keyed","ui.installation","INSTALLATION","src/MystTiq.Desktop/MainWindow.axaml:2128"
"XAML","Keyed","ui.installed","INSTALLED","src/MystTiq.Desktop/MainWindow.axaml:2007"
"XAML","Keyed","ui.installed_mods","Installed MODs","src/MystTiq.Desktop/MainWindow.axaml:2288"
"XAML","Keyed","ui.installed_version","INSTALLED VERSION","src/MystTiq.Desktop/MainWindow.axaml:2018"
"XAML","Keyed","ui.installing_is_optional_here_if_the_files_already_c8f704","Installing is optional here if the files already exist at this location. Applies Identity & Ports and any chosen preset automatically.","src/MystTiq.Desktop/MainWindow.axaml:3823"
"XAML","Keyed","ui.installs_fresh_then_brings_in_a_world_archive_fr_7dfa5f","Installs fresh, then brings in a world archive from a backup or another server.","src/MystTiq.Desktop/MainWindow.axaml:3572"
"XAML","Keyed","ui.installs_the_palworld_dedicated_server_fresh_and_b5ca96","Installs the Palworld dedicated server fresh and creates a brand-new default world.","src/MystTiq.Desktop/MainWindow.axaml:3563"
"XAML","Keyed","ui.installs_the_server_then_automatically_installs_16f815","Installs the server, then automatically installs the newest stable UE4SS release. Palworld Save Tools and PIM/Oodle Decoder have no install capability anywhere in the app yet.","src/MystTiq.Desktop/MainWindow.axaml:3770"
"XAML","Keyed","ui.instance_details","INSTANCE DETAILS","src/MystTiq.Desktop/MainWindow.axaml:2599"
"XAML","Keyed","ui.integrity","Integrity","src/MystTiq.Desktop/MainWindow.axaml:736"
"XAML","Keyed","ui.invalid_steam_id_on_join","Invalid Steam ID on join","src/MystTiq.Desktop/MainWindow.axaml:2946"
"XAML","Keyed","ui.issues","ISSUES","src/MystTiq.Desktop/MainWindow.axaml:2011"
"XAML","Keyed","ui.items_and_work","Items & Work","src/MystTiq.Desktop/MainWindow.axaml:1047"
"XAML","Keyed","ui.items_how_many_1_to_1_000_000_pals_the_level_1_t_1c3680","Items: how many (1 to 1,000,000). Pals: the level (1 to 100).","src/MystTiq.Desktop/MainWindow.axaml:1501"
"XAML","Keyed","ui.keep_latest","Keep latest","src/MystTiq.Desktop/MainWindow.axaml:1945"
"XAML","Keyed","ui.kick","Kick","src/MystTiq.Desktop/MainWindow.axaml:1453"
"XAML","Keyed","ui.kick_ban_reason","Kick / ban reason","src/MystTiq.Desktop/MainWindow.axaml:1452"
"XAML","Keyed","ui.kick_and_ban_route_through_the_palworld_rest_api_8c91fd","Kick and Ban route through the Palworld REST API first, automatically falling back to RCON if REST is disabled or misconfigured, and are enabled only for an online player. Unsupported operations remain visibly disabled and cannot report false success.","src/MystTiq.Desktop/MainWindow.axaml:1450"
"XAML","Keyed","ui.kick_player","Kick Player","src/MystTiq.Desktop/MainWindow.axaml:1377"
"XAML","Keyed","ui.kit_name","Kit name","src/MystTiq.Desktop/MainWindow.axaml:1649"
"XAML","Keyed","ui.kit_to_auto_gift","Kit to auto-gift","src/MystTiq.Desktop/MainWindow.axaml:1659"
"XAML","Keyed","ui.kits","Kits","src/MystTiq.Desktop/MainWindow.axaml:1636"
"XAML","Keyed","ui.label_optional","Label (optional)","src/MystTiq.Desktop/MainWindow.axaml:1597"
"XAML","Keyed","ui.lan_endpoint","LAN ENDPOINT","src/MystTiq.Desktop/MainWindow.axaml:2458"
"XAML","Keyed","settings.language.label","Language","src/MystTiq.Desktop/MainWindow.axaml:115"
"XAML","Keyed","settings.language.label","Language","src/MystTiq.Desktop/MainWindow.axaml:3291"
"XAML","Keyed","settings.language.label","Language","src/MystTiq.Desktop/MainWindow.axaml:115"
"XAML","Keyed","dashboard.lastActivity","LAST ACTIVITY","src/MystTiq.Desktop/MainWindow.axaml:413"
"XAML","Keyed","ui.last_fleet_action_results","Last Fleet Action Results","src/MystTiq.Desktop/MainWindow.axaml:3104"
"XAML","Keyed","ui.last_steamcmd_output","Last SteamCMD Output","src/MystTiq.Desktop/MainWindow.axaml:695"
"XAML","Keyed","ui.latest_added","Latest Added","src/MystTiq.Desktop/MainWindow.axaml:2233"
"XAML","Keyed","ui.latest_updated","Latest Updated","src/MystTiq.Desktop/MainWindow.axaml:2234"
"XAML","Keyed","ui.launch_arguments_one_per_line","Launch arguments (one per line)","src/MystTiq.Desktop/MainWindow.axaml:3446"
"XAML","Keyed","ui.leave_running","Leave Running","src/MystTiq.Desktop/Views/ConfirmCloseTabDialog.axaml:16"
"XAML","Keyed","ui.less_than_10_free","Less than 10 % free","src/MystTiq.Desktop/MainWindow.axaml:3263"
"XAML","Keyed","ui.let_players_use_the_chat_command","Let players use the chat command","src/MystTiq.Desktop/MainWindow.axaml:1274"
"XAML","Keyed","ui.lets_auto_gift_give_this_player_the_kit_again_if_bf254d","Lets auto-gift give this player the kit again if they qualify.","src/MystTiq.Desktop/MainWindow.axaml:1670"
"XAML","Keyed","ui.level","Level","src/MystTiq.Desktop/MainWindow.axaml:1707"
"XAML","Keyed","ui.lifecycle","Lifecycle","src/MystTiq.Desktop/MainWindow.axaml:3418"
"XAML","Keyed","dashboard.lifecycle","LIFECYCLE","src/MystTiq.Desktop/MainWindow.axaml:346"
"XAML","Keyed","ui.lift_now","Lift Now","src/MystTiq.Desktop/MainWindow.axaml:1562"
"XAML","Keyed","ui.limits","Limits","src/MystTiq.Desktop/MainWindow.axaml:3205"
"XAML","Keyed","ui.lines_use_palworld_s_internal_ids_the_same_ones_e66c62","Lines use Palworld's internal ids (the same ones PalDefender and Starter Kits use); the finder below shows each one's name. Nothing is given unless the player is online.","src/MystTiq.Desktop/MainWindow.axaml:1482"
"XAML","Keyed","ui.live_and_known_players","Live & Known Players","src/MystTiq.Desktop/MainWindow.axaml:1373"
"XAML","Keyed","dashboard.liveActivity","LIVE ACTIVITY","src/MystTiq.Desktop/MainWindow.axaml:458"
"XAML","Keyed","dashboard.log","LIVE SERVER / MANAGER LOG","src/MystTiq.Desktop/MainWindow.axaml:469"
"XAML","Keyed","ui.live_status_channel_id","Live status channel ID","src/MystTiq.Desktop/MainWindow.axaml:2910"
"XAML","Keyed","ui.load","Load","src/MystTiq.Desktop/MainWindow.axaml:3403"
"XAML","Keyed","ui.load_ids","Load IDs","src/MystTiq.Desktop/MainWindow.axaml:1492"
"XAML","Keyed","ui.load_metadata","Load Metadata","src/MystTiq.Desktop/MainWindow.axaml:1410"
"XAML","Keyed","ui.local_machine_diagnostics","Local Machine Diagnostics","src/MystTiq.Desktop/MainWindow.axaml:2516"
"XAML","Keyed","ui.local_paths_are_enabled_only_for_the_local_profi_cf4428","Local paths are enabled only for the local profile.","src/MystTiq.Desktop/MainWindow.axaml:2674"
"XAML","Keyed","ui.location","LOCATION","src/MystTiq.Desktop/MainWindow.axaml:3795"
"XAML","Keyed","ui.location","LOCATION","src/MystTiq.Desktop/MainWindow.axaml:513"
"XAML","Keyed","ui.logs","Logs","src/MystTiq.Desktop/MainWindow.axaml:2692"
"XAML","Keyed","ui.look_up","Look Up","src/MystTiq.Desktop/MainWindow.axaml:2236"
"XAML","Keyed","ui.low_disk_space","Low disk space %","src/MystTiq.Desktop/MainWindow.axaml:2837"
"XAML","Keyed","ui.lucky","Lucky","src/MystTiq.Desktop/MainWindow.axaml:1699"
"XAML","Keyed","ui.lucky_israrepal","Lucky (IsRarePal)","src/MystTiq.Desktop/MainWindow.axaml:1714"
"XAML","Keyed","ui.manage_in_workspace","Manage in Workspace →","src/MystTiq.Desktop/MainWindow.axaml:3438"
"XAML","Keyed","ui.managed_by_this_tab_use_the_safe_crash_recovery_619bd1","Managed by this tab. Use the safe, crash-recovery-aware stop path instead of a raw kill.","src/MystTiq.Desktop/MainWindow.axaml:2603"
"XAML","Keyed","ui.managed_processes","MANAGED PROCESSES","src/MystTiq.Desktop/MainWindow.axaml:2559"
"XAML","Keyed","ui.managed_server_headless_configuration","Managed Server / Headless Configuration","src/MystTiq.Desktop/MainWindow.axaml:3398"
"XAML","Keyed","ui.management_api","Management API","src/MystTiq.Desktop/MainWindow.axaml:3408"
"XAML","Keyed","nav.Map","Map","src/MystTiq.Desktop/MainWindow.axaml:285"
"XAML","Keyed","ui.max_allowed_level","Max allowed level","src/MystTiq.Desktop/MainWindow.axaml:2957"
"XAML","Keyed","ui.maximize","Maximize","src/MystTiq.Desktop/MainWindow.axaml:118"
"XAML","Keyed","ui.maximize","Maximize","src/MystTiq.Desktop/MainWindow.axaml:118"
"XAML","Keyed","ui.maximum_age_days","Maximum age (days)","src/MystTiq.Desktop/MainWindow.axaml:1948"
"XAML","Keyed","ui.mbit_s_per_player","Mbit/s per player","src/MystTiq.Desktop/MainWindow.axaml:3209"
"XAML","Keyed","ui.mbit_s_for_the_estimate_below","Mbit/s, for the estimate below","src/MystTiq.Desktop/MainWindow.axaml:3219"
"XAML","Keyed","ui.members","Members","src/MystTiq.Desktop/MainWindow.axaml:876"
"XAML","Keyed","dashboard.memory","MEMORY","src/MystTiq.Desktop/MainWindow.axaml:396"
"XAML","Keyed","ui.memory","MEMORY","src/MystTiq.Desktop/MainWindow.axaml:3126"
"XAML","Keyed","ui.message","Message","src/MystTiq.Desktop/MainWindow.axaml:2814"
"XAML","Keyed","ui.midnight_is_true_black_for_oled_screens_high_con_9103e3","Midnight is true black, for OLED screens. High contrast is white text and borders on black. Follow the system matches your computer's light or dark setting and changes with it. Compact density fits more on screen.","src/MystTiq.Desktop/MainWindow.axaml:3287"
"XAML","Keyed","ui.migrate_a_source_player_s_guild_membership_to_an_60f4dd","Migrate a source player's guild membership to an already-existing destination player identity (e.g. Xbox → Steam). Level/inventory/Pal transfer is not yet supported — only guild references migrate.","src/MystTiq.Desktop/MainWindow.axaml:1725"
"XAML","Keyed","ui.minimize","Minimize","src/MystTiq.Desktop/MainWindow.axaml:117"
"XAML","Keyed","ui.minimize","Minimize","src/MystTiq.Desktop/MainWindow.axaml:117"
"XAML","Keyed","ui.minimize_to_tray","Minimize to Tray","src/MystTiq.Desktop/Views/ConfirmMinimizeToTrayDialog.axaml:18"
"XAML","Keyed","ui.minutes_with_no_one_online","minutes with no one online","src/MystTiq.Desktop/MainWindow.axaml:3165"
"XAML","Keyed","nav.ModDashboard","MOD Dashboard","src/MystTiq.Desktop/MainWindow.axaml:289"
"XAML","Keyed","ui.mod_data_from_nexus_mods_nexusmods_com_mysttiq_i_c8f955","Mod data from Nexus Mods (nexusmods.com). MystTiq is an independent project and is not affiliated with Nexus Mods.","src/MystTiq.Desktop/MainWindow.axaml:2270"
"XAML","Keyed","ui.mod_details","MOD DETAILS","src/MystTiq.Desktop/MainWindow.axaml:2121"
"XAML","Keyed","ui.mod_details","MOD DETAILS","src/MystTiq.Desktop/MainWindow.axaml:2329"
"XAML","Keyed","ui.mod_id_or_nexusmods_com_page_url","Mod id or nexusmods.com page URL","src/MystTiq.Desktop/MainWindow.axaml:2235"
"XAML","Keyed","nav.ModLibrary","MOD Library","src/MystTiq.Desktop/MainWindow.axaml:290"
"XAML","Keyed","ui.mod_overview","MOD Overview","src/MystTiq.Desktop/MainWindow.axaml:2099"
"XAML","Keyed","dashboard.modPlatform","MOD PLATFORM","src/MystTiq.Desktop/MainWindow.axaml:392"
"XAML","Keyed","ui.mod_ue4ss_health_needs_attention","MOD/UE4SS health needs attention","src/MystTiq.Desktop/MainWindow.axaml:2839"
"XAML","Keyed","ui.mode","Mode","src/MystTiq.Desktop/MainWindow.axaml:3282"
"XAML","Keyed","category.mods","Mods","src/MystTiq.Desktop/MainWindow.axaml:137"
"XAML","Keyed","ui.mods_whose_confirmed_health_is_neither_healthy_d_4cff25","MODs whose confirmed health is neither Healthy, Disabled, nor Active / Unverified.","src/MystTiq.Desktop/MainWindow.axaml:2063"
"XAML","Keyed","ui.moves_your_admin_character_to_the_selected_onlin_c77733","Moves your admin character to the selected online player, via RCON. Needs an admin character in the world.","src/MystTiq.Desktop/MainWindow.axaml:1249"
"XAML","Keyed","ui.moves_your_admin_character_to_the_selected_onlin_91d9e9","Moves your admin character to the selected online player's in-game location, via RCON. Requires an admin character actually present in the world.","src/MystTiq.Desktop/MainWindow.axaml:1466"
"XAML","Keyed","ui.mute_1_hour","Mute 1 hour","src/MystTiq.Desktop/MainWindow.axaml:2861"
"XAML","Keyed","ui.mute_24_hours","Mute 24 hours","src/MystTiq.Desktop/MainWindow.axaml:2863"
"XAML","Keyed","ui.mute_7_days","Mute 7 days","src/MystTiq.Desktop/MainWindow.axaml:2864"
"XAML","Keyed","ui.mute_8_hours","Mute 8 hours","src/MystTiq.Desktop/MainWindow.axaml:2862"
"XAML","Keyed","ui.mute_alerts","Mute Alerts","src/MystTiq.Desktop/MainWindow.axaml:2858"
"XAML","Keyed","ui.muted_alerts_are_not_queued_crash_alerts_skipped_cb5362","Muted alerts are not queued. Crash alerts skipped during a mute are still written to the Activity log.","src/MystTiq.Desktop/MainWindow.axaml:2867"
"XAML","Keyed","ui.mysttiq_palworld_server_manager","MystTiq — Palworld Server Manager","src/MystTiq.Desktop/MainWindow.axaml:11"
"XAML","Keyed","ui.mysttiq_palworld_server_manager","MystTiq — Palworld Server Manager","src/MystTiq.Desktop/App.axaml:7"
"XAML","Keyed","ui.mysttiq_activity_audit_log","MystTiq Activity / Audit Log","src/MystTiq.Desktop/MainWindow.axaml:1800"
"XAML","Keyed","ui.mysttiq_is_still_running","MystTiq is still running","src/MystTiq.Desktop/Views/TrayReminderToast.axaml:11"
"XAML","Keyed","ui.name","Name","src/MystTiq.Desktop/MainWindow.axaml:2808"
"XAML","Keyed","ui.name","Name","src/MystTiq.Desktop/MainWindow.axaml:3344"
"XAML","Keyed","ui.name","Name","src/MystTiq.Desktop/MainWindow.axaml:3525"
"XAML","Keyed","ui.name","Name","src/MystTiq.Desktop/MainWindow.axaml:2985"
"XAML","Keyed","ui.name","Name","src/MystTiq.Desktop/MainWindow.axaml:3505"
"XAML","Keyed","ui.named_spots_players_can_teleport_to_from_anywher_4ef3f7","Named spots players can teleport to from anywhere by typing a chat command, e.g. !tp spawn (or just !tp to list them). Needs PalDefender and RCON: MystTiq reads chat and runs PalDefender's tp for them. Palworld itself cannot allow fast travel from anywhere; that only exists as a client-side mod every player would install.","src/MystTiq.Desktop/MainWindow.axaml:1271"
"XAML","Keyed","ui.needs_attention","Needs Attention","src/MystTiq.Desktop/MainWindow.axaml:2062"
"XAML","Keyed","ui.network","NETWORK","src/MystTiq.Desktop/MainWindow.axaml:3237"
"XAML","Keyed","ui.network","NETWORK","src/MystTiq.Desktop/MainWindow.axaml:2456"
"XAML","Keyed","ui.network_updates_per_second","network updates per second","src/MystTiq.Desktop/MainWindow.axaml:3213"
"XAML","Keyed","ui.network_access_and_limits","NETWORK, ACCESS & LIMITS","src/MystTiq.Desktop/MainWindow.axaml:943"
"XAML","Keyed","ui.new_kit","New Kit","src/MystTiq.Desktop/MainWindow.axaml:1643"
"XAML","Keyed","ui.new_password_for_the_selected_account","New password for the selected account","src/MystTiq.Desktop/MainWindow.axaml:3022"
"XAML","Keyed","ui.new_preset_name","New preset name","src/MystTiq.Desktop/MainWindow.axaml:980"
"XAML","Keyed","ui.new_profile","NEW PROFILE","src/MystTiq.Desktop/MainWindow.axaml:3081"
"XAML","Keyed","ui.new_profile_id_e_g_world_2","New profile ID (e.g. world-2)","src/MystTiq.Desktop/MainWindow.axaml:3083"
"XAML","Keyed","ui.new_rule","New Rule","src/MystTiq.Desktop/MainWindow.axaml:2806"
"XAML","Keyed","ui.new_server_id","New Server ID","src/MystTiq.Desktop/MainWindow.axaml:3603"
"XAML","Keyed","ui.new_token_shown_once_copy_it_now","New token (shown once — copy it now)","src/MystTiq.Desktop/MainWindow.axaml:2981"
"XAML","Keyed","ui.next_1ff57a","Next","src/MystTiq.Desktop/Views/SelectPlayerDialog.axaml:16"
"XAML","Keyed","ui.next_1ff57a","Next","src/MystTiq.Desktop/Views/SelectGuildDialog.axaml:16"
"XAML","Keyed","ui.next","Next →","src/MystTiq.Desktop/MainWindow.axaml:3914"
"XAML","Keyed","ui.next_confirm_and_finish","Next: Confirm & Finish →","src/MystTiq.Desktop/MainWindow.axaml:3865"
"XAML","Keyed","ui.next_mods","Next: MODs →","src/MystTiq.Desktop/MainWindow.axaml:3823"
"XAML","Keyed","ui.next_world_settings","Next: World Settings →","src/MystTiq.Desktop/MainWindow.axaml:3652"
"XAML","Keyed","ui.nexus_mods_api_key","Nexus Mods API key","src/MystTiq.Desktop/MainWindow.axaml:2225"
"XAML","Keyed","ui.nexus_mods_catalog","Nexus Mods Catalog","src/MystTiq.Desktop/MainWindow.axaml:2221"
"XAML","Keyed","ui.nickname","Nickname","src/MystTiq.Desktop/MainWindow.axaml:1706"
"XAML","Keyed","ui.nightly_backup","Nightly backup","src/MystTiq.Desktop/MainWindow.axaml:2808"
"XAML","Keyed","ui.no_known_workshop_match_set_a_source_url_e_g_a_g_e24281","No known Workshop match -- set a Source URL (e.g. a GitHub repository) below, then Fetch again:","src/MystTiq.Desktop/MainWindow.axaml:2395"
"XAML","Keyed","ui.no_palworld_instances_detected_on_this_machine_y_cd624a","No Palworld instances detected on this machine yet. Use ""Detect Instances"" in the ribbon or run the Doctor to scan.","src/MystTiq.Desktop/MainWindow.axaml:2616"
"XAML","Keyed","ui.not_confirmed_as_this_tab_s_own_managed_process_66c379","Not confirmed as this tab's own managed process. MystTiq cannot know whether this PID is tracked by a different local MystTiq session's own crash-recovery — killing it directly may look like an unexpected crash to that session and trigger an auto-restart there, instead of a clean stop.","src/MystTiq.Desktop/MainWindow.axaml:2607"
"XAML","Keyed","ui.not_yet_verified","Not yet verified","src/MystTiq.Desktop/MainWindow.axaml:1892"
"XAML","Keyed","ui.notes_and_warnings","Notes & Warnings","src/MystTiq.Desktop/MainWindow.axaml:1425"
"XAML","Keyed","ui.nothing_is_scheduled_yet","Nothing is scheduled yet","src/MystTiq.Desktop/MainWindow.axaml:2792"
"XAML","Keyed","ui.notification_title_message","Notification title / message","src/MystTiq.Desktop/MainWindow.axaml:2813"
"XAML","Keyed","nav.Notifications","Notifications","src/MystTiq.Desktop/MainWindow.axaml:305"
"XAML","Keyed","ui.ok","OK","src/MystTiq.Desktop/MainWindow.axaml:2423"
"XAML","Keyed","ui.once_connected_create_palworldsettings_ini_from_2cef4e","Once connected, create PalWorldSettings.ini from the server's official default file. Existing active settings are never overwritten. This is the Palworld dedicated server's own name/settings -- separate from the Profile Name above, which only labels this MystTiq connection.","src/MystTiq.Desktop/MainWindow.axaml:3875"
"XAML","Keyed","ui.one_per_line_name_then_x_y_optional_height_spawn_c9162e","One per line, name then X Y (optional height):
spawn -358 270
base 120 -44","src/MystTiq.Desktop/MainWindow.axaml:1281"
"XAML","Keyed","ui.one_per_line_item_palsphere_10_pal_weaseldragon_9c778c","One per line:
item PalSphere 10
pal WeaselDragon 5 (Pal id, then level)","src/MystTiq.Desktop/MainWindow.axaml:1479"
"XAML","Keyed","ui.one_per_line_item_palsphere_10_pal_weaseldragon_9c778c","One per line:
item PalSphere 10
pal WeaselDragon 5 (Pal id, then level)","src/MystTiq.Desktop/MainWindow.axaml:1651"
"XAML","Keyed","ui.only_change_game_port_if_you_re_running_multiple_bda89a","Only change Game Port if you're running multiple Palworld servers on this same machine at the same time -- each needs its own port. Otherwise the default is fine.","src/MystTiq.Desktop/MainWindow.axaml:3645"
"XAML","Keyed","ui.only_fetches_when_clicked_never_automatic","Only fetches when clicked -- never automatic.","src/MystTiq.Desktop/MainWindow.axaml:2376"
"XAML","Keyed","ui.only_this_server_id_optional","Only this server id (optional)","src/MystTiq.Desktop/MainWindow.axaml:3004"
"XAML","Keyed","ui.open","Open","src/MystTiq.Desktop/MainWindow.axaml:2388"
"XAML","Keyed","ui.open","Open","src/MystTiq.Desktop/MainWindow.axaml:2692"
"XAML","Keyed","ui.open","Open","src/MystTiq.Desktop/MainWindow.axaml:2691"
"XAML","Keyed","ui.open","Open","src/MystTiq.Desktop/MainWindow.axaml:2690"
"XAML","Keyed","dashboard.open","OPEN","src/MystTiq.Desktop/MainWindow.axaml:392"
"XAML","Keyed","dashboard.open","OPEN","src/MystTiq.Desktop/MainWindow.axaml:391"
"XAML","Keyed","dashboard.open","OPEN","src/MystTiq.Desktop/MainWindow.axaml:390"
"XAML","Keyed","ui.open","Open","src/MystTiq.Desktop/MainWindow.axaml:2689"
"XAML","Keyed","dashboard.open","OPEN","src/MystTiq.Desktop/MainWindow.axaml:375"
"XAML","Keyed","ui.open","Open","src/MystTiq.Desktop/MainWindow.axaml:663"
"XAML","Keyed","ui.open","Open","src/MystTiq.Desktop/MainWindow.axaml:2687"
"XAML","Keyed","ui.open","Open","src/MystTiq.Desktop/MainWindow.axaml:2686"
"XAML","Keyed","dashboard.open","OPEN","src/MystTiq.Desktop/MainWindow.axaml:363"
"XAML","Keyed","ui.open","Open","src/MystTiq.Desktop/MainWindow.axaml:2685"
"XAML","Keyed","ui.open","Open","src/MystTiq.Desktop/MainWindow.axaml:2684"
"XAML","Keyed","ui.open","Open","src/MystTiq.Desktop/MainWindow.axaml:2683"
"XAML","Keyed","ui.open","Open","src/MystTiq.Desktop/MainWindow.axaml:2688"
"XAML","Keyed","ui.open","Open","src/MystTiq.Desktop/MainWindow.axaml:638"
"XAML","Keyed","ui.open_a_new_tab","Open a new tab","src/MystTiq.Desktop/MainWindow.axaml:99"
"XAML","Keyed","ui.open_a_new_tab","Open a new tab","src/MystTiq.Desktop/MainWindow.axaml:99"
"XAML","Keyed","dashboard.openConsole","Open Console","src/MystTiq.Desktop/MainWindow.axaml:469"
"XAML","Keyed","ui.open_leader_player","Open Leader Player","src/MystTiq.Desktop/MainWindow.axaml:875"
"XAML","Keyed","ui.open_local_diagnostics","Open Local Diagnostics","src/MystTiq.Desktop/MainWindow.axaml:2469"
"XAML","Keyed","ui.open_map","Open Map","src/MystTiq.Desktop/MainWindow.axaml:1443"
"XAML","Keyed","ui.open_mod_library","Open MOD Library →","src/MystTiq.Desktop/MainWindow.axaml:2079"
"XAML","Keyed","ui.open_notifications","Open Notifications","src/MystTiq.Desktop/MainWindow.axaml:111"
"XAML","Keyed","ui.open_notifications","Open Notifications","src/MystTiq.Desktop/MainWindow.axaml:111"
"XAML","Keyed","ui.open_on_nexus","Open on Nexus","src/MystTiq.Desktop/MainWindow.axaml:2251"
"XAML","Keyed","ui.open_port_checker","Open Port Checker","src/MystTiq.Desktop/MainWindow.axaml:2503"
"XAML","Keyed","ui.open_protected_validation_transaction_and_recove_190244","Open protected validation, transaction and recovery workflows.","src/MystTiq.Desktop/MainWindow.axaml:711"
"XAML","Keyed","ui.open_settings","Open Settings","src/MystTiq.Desktop/MainWindow.axaml:112"
"XAML","Keyed","ui.open_settings","Open Settings","src/MystTiq.Desktop/MainWindow.axaml:112"
"XAML","Keyed","ui.open_the_official_page_to_check_this_manually","Open the official page to check this manually.","src/MystTiq.Desktop/MainWindow.axaml:663"
"XAML","Keyed","ui.open_the_official_page_to_check_this_manually","Open the official page to check this manually.","src/MystTiq.Desktop/MainWindow.axaml:638"
"XAML","Keyed","ui.open_this_link_in_your_default_browser","Open this link in your default browser.","src/MystTiq.Desktop/MainWindow.axaml:2388"
"XAML","Keyed","ui.opens_a_well_known_external_port_checker_website_66782a","Opens a well-known external port-checker website in your browser.","src/MystTiq.Desktop/MainWindow.axaml:2503"
"XAML","Keyed","ui.operation_monitor","OPERATION MONITOR","src/MystTiq.Desktop/MainWindow.axaml:552"
"XAML","Keyed","ui.operation_platform","Operation Platform","src/MystTiq.Desktop/MainWindow.axaml:2726"
"XAML","Keyed","ui.operation_progress","OPERATION PROGRESS","src/MystTiq.Desktop/MainWindow.axaml:566"
"XAML","Keyed","ui.optional_64_hex_certificate_fingerprint","Optional 64-hex certificate fingerprint","src/MystTiq.Desktop/MainWindow.axaml:3371"
"XAML","Keyed","ui.optional_64_hex_certificate_fingerprint","Optional 64-hex certificate fingerprint","src/MystTiq.Desktop/MainWindow.axaml:3536"
"XAML","Keyed","ui.optional_sent_only_to_the_authenticated_headless_407242","Optional; sent only to the authenticated headless service","src/MystTiq.Desktop/MainWindow.axaml:3880"
"XAML","Keyed","ui.optional_sent_only_to_the_authenticated_headless_407242","Optional; sent only to the authenticated headless service","src/MystTiq.Desktop/MainWindow.axaml:3631"
"XAML","Keyed","ui.optional_one_self_updating_status_message_is_kep_aadc8d","Optional. One self-updating status message is kept here","src/MystTiq.Desktop/MainWindow.axaml:2910"
"XAML","Keyed","ui.optional_players_joining_or_leaving_server_start_ed21b8","Optional. Players joining or leaving, server started or stopped","src/MystTiq.Desktop/MainWindow.axaml:2911"
"XAML","Keyed","ui.optional_scans_locally_installed_steam_workshop_165414","Optional. Scans locally installed Steam Workshop content for Palworld and imports any you pick before finishing setup. You can always add more later from MOD Library.","src/MystTiq.Desktop/MainWindow.axaml:3837"
"XAML","Keyed","ui.or_drag_a_zip_file_here","or drag a ZIP file here","src/MystTiq.Desktop/MainWindow.axaml:2184"
"XAML","Keyed","ui.overall_health","OVERALL HEALTH","src/MystTiq.Desktop/MainWindow.axaml:2332"
"XAML","Keyed","dashboard.overallHealth","OVERALL HEALTH","src/MystTiq.Desktop/MainWindow.axaml:382"
"XAML","Keyed","ui.overall_health","OVERALL HEALTH","src/MystTiq.Desktop/MainWindow.axaml:2124"
"XAML","Keyed","ui.overview","Overview","src/MystTiq.Desktop/MainWindow.axaml:736"
"XAML","Keyed","ui.owner_discord_user_id_optional","Owner Discord user ID (optional)","src/MystTiq.Desktop/MainWindow.axaml:2906"
"XAML","Keyed","ui.pal_editor","Pal Editor","src/MystTiq.Desktop/MainWindow.axaml:1690"
"XAML","Keyed","ui.pal_editor","Pal Editor","src/MystTiq.Desktop/MainWindow.axaml:1696"
"XAML","Keyed","ui.pal_stat_anomaly_periodic_scan","Pal stat anomaly (periodic scan)","src/MystTiq.Desktop/MainWindow.axaml:2952"
"XAML","Keyed","ui.pals_on_the_map","Pals on the map","src/MystTiq.Desktop/MainWindow.axaml:1309"
"XAML","Keyed","ui.palserver_must_be_stopped_this_action_updates_th_fa55f5","PalServer must be stopped. This action updates the Palworld Dedicated Server through the configured SteamCMD installation. It does not update the MystTiq application.","src/MystTiq.Desktop/MainWindow.axaml:681"
"XAML","Keyed","ui.palserver_ram","PalServer RAM","src/MystTiq.Desktop/MainWindow.axaml:1772"
"XAML","Keyed","ui.palworld_dedicated_server","Palworld Dedicated Server","src/MystTiq.Desktop/MainWindow.axaml:676"
"XAML","Keyed","ui.palworld_rcon_is_a_legacy_deprecated_administrat_4fba29","Palworld RCON is a legacy/deprecated administration interface. MystTiq keeps the AdminPassword server-side and never sends it to the GUI.","src/MystTiq.Desktop/MainWindow.axaml:1822"
"XAML","Keyed","ui.palworld_server","Palworld Server","src/MystTiq.Desktop/MainWindow.axaml:601"
"XAML","Keyed","ui.palworld_server","Palworld Server","src/MystTiq.Desktop/MainWindow.axaml:2686"
"XAML","Keyed","ui.palworld_server_manager","Palworld Server Manager","src/MystTiq.Desktop/MainWindow.axaml:31"
"XAML","Keyed","ui.palworld_server_name","Palworld server name","src/MystTiq.Desktop/MainWindow.axaml:931"
"XAML","Keyed","ui.palworld_s_vanilla_rcon_has_no_teleport_to_coord_cda233","Palworld's vanilla RCON has no teleport-to-coordinates command, so these buttons can only target a player. With PalDefender, Teleport Points below can send a player to a saved spot.","src/MystTiq.Desktop/MainWindow.axaml:1251"
"XAML","Keyed","ui.password","Password","src/MystTiq.Desktop/MainWindow.axaml:3385"
"XAML","Keyed","ui.password_at_least_10_characters","Password (at least 10 characters)","src/MystTiq.Desktop/MainWindow.axaml:3005"
"XAML","Keyed","ui.pause_1_hour","Pause 1 hour","src/MystTiq.Desktop/MainWindow.axaml:2877"
"XAML","Keyed","ui.pause_24_hours","Pause 24 hours","src/MystTiq.Desktop/MainWindow.axaml:2879"
"XAML","Keyed","ui.pause_7_days","Pause 7 days","src/MystTiq.Desktop/MainWindow.axaml:2880"
"XAML","Keyed","ui.pause_8_hours","Pause 8 hours","src/MystTiq.Desktop/MainWindow.axaml:2878"
"XAML","Keyed","ui.pause_discord_email_and_webhooks","Pause Discord, Email & Webhooks","src/MystTiq.Desktop/MainWindow.axaml:2874"
"XAML","Keyed","ui.pending_review","PENDING / REVIEW","src/MystTiq.Desktop/MainWindow.axaml:1892"
"XAML","Keyed","ui.people_who_sign_in_with_a_username_and_password_4ca134","People who sign in with a username and password (Settings → Sign in). Each has a role (Viewer, Operator, Admin, Owner) and can be limited to one server. Sessions last 12 hours; 5 wrong passwords lock an account for 15 minutes. Needs authentication on for this MystTiq.","src/MystTiq.Desktop/MainWindow.axaml:2998"
"XAML","Keyed","ui.permanently_deletes_this_player_s_save_file_and_a85585","Permanently deletes this player's save file and cleans up their guild membership. Requires PalServer stopped.","src/MystTiq.Desktop/MainWindow.axaml:1381"
"XAML","Keyed","ui.persisted_analysis_history","Persisted Analysis History","src/MystTiq.Desktop/MainWindow.axaml:2758"
"XAML","Keyed","ui.persistent_management_events_written_by_the_head_d21c48","Persistent management events written by the headless backend.","src/MystTiq.Desktop/MainWindow.axaml:1807"
"XAML","Keyed","ui.pick_a_preset_vanilla_quality_of_life_etc_below_f85906","Pick a preset (Vanilla, Quality of Life, etc.) below -- applied automatically right after install.","src/MystTiq.Desktop/MainWindow.axaml:3672"
"XAML","Keyed","ui.pick_a_server_you_ve_already_set_up_to_copy_from_da5f25","Pick a server you've already set up to copy from. It must be stopped first -- files can't be safely copied while PalServer has them open.","src/MystTiq.Desktop/MainWindow.axaml:3593"
"XAML","Keyed","ui.pick_the_palpagos_preset_above_to_see_real_playe_0b4218","Pick the Palpagos preset above to see real player and base positions. The World Tree preset and your own images can only spread dots relative to each other.","src/MystTiq.Desktop/MainWindow.axaml:1232"
"XAML","Keyed","ui.pin_unpin","Pin / Unpin","src/MystTiq.Desktop/MainWindow.axaml:2782"
"XAML","Keyed","ui.places_players_and_guild_bases_on_the_palpagos_m_c7f0d4","Places players and guild bases on the Palpagos map from their real world coordinates. Accurate to within a few pixels of the map image, so read a dot as the right spot on the map rather than an exact survey point. Untick to use the relative-position view instead, which cannot show bases.","src/MystTiq.Desktop/MainWindow.axaml:1229"
"XAML","Keyed","ui.platform","Platform","src/MystTiq.Desktop/MainWindow.axaml:589"
"XAML","Keyed","ui.player_and_pal","Player & Pal","src/MystTiq.Desktop/MainWindow.axaml:1030"
"XAML","Keyed","ui.player_administration","Player Administration","src/MystTiq.Desktop/MainWindow.axaml:1449"
"XAML","Keyed","ui.player_directory","Player Directory","src/MystTiq.Desktop/MainWindow.axaml:1350"
"XAML","Keyed","ui.player_save_identity_comes_from_validated_32_cha_45a3b2","Player save identity comes from validated 32-character Players/*.sav filenames. Player names, guild membership, leadership and base counts are shown only when authoritative decoded GroupSaveDataMap evidence is available. Live REST data may enrich currently-online player name/platform evidence.","src/MystTiq.Desktop/MainWindow.axaml:843"
"XAML","Keyed","ui.player_saves","PLAYER SAVES","src/MystTiq.Desktop/MainWindow.axaml:726"
"XAML","Keyed","ui.players","Players","src/MystTiq.Desktop/MainWindow.axaml:3883"
"XAML","Keyed","nav.Players","Players","src/MystTiq.Desktop/MainWindow.axaml:282"
"XAML","Keyed","dashboard.players","PLAYERS","src/MystTiq.Desktop/MainWindow.axaml:390"
"XAML","Keyed","ui.players","Players","src/MystTiq.Desktop/MainWindow.axaml:3634"
"XAML","Keyed","ui.players","Players","src/MystTiq.Desktop/MainWindow.axaml:737"
"XAML","Keyed","ui.players","Players","src/MystTiq.Desktop/MainWindow.axaml:736"
"XAML","Keyed","ui.players_on_the_map","Players on the map","src/MystTiq.Desktop/MainWindow.axaml:1244"
"XAML","Keyed","dashboard.playersThisSession","PLAYERS THIS SESSION","src/MystTiq.Desktop/MainWindow.axaml:411"
"XAML","Keyed","ui.point_name","point name","src/MystTiq.Desktop/MainWindow.axaml:1291"
"XAML","Keyed","ui.port","Port","src/MystTiq.Desktop/MainWindow.axaml:3414"
"XAML","Keyed","ui.port_offset","PORT OFFSET","src/MystTiq.Desktop/MainWindow.axaml:3605"
"XAML","Keyed","ui.port_offset","PORT OFFSET","src/MystTiq.Desktop/MainWindow.axaml:3089"
"XAML","Keyed","ui.premium_accounts_only_because_nexus_only_issues_4d6eac","Premium accounts only, because Nexus only issues direct download links to them. Free accounts: use Open on Nexus, or paste an nxm link below.","src/MystTiq.Desktop/MainWindow.axaml:2263"
"XAML","Keyed","ui.prepare_for_import","Prepare for Import","src/MystTiq.Desktop/MainWindow.axaml:3741"
"XAML","Keyed","ui.preview","Preview","src/MystTiq.Desktop/MainWindow.axaml:879"
"XAML","Keyed","ui.preview","Preview","src/MystTiq.Desktop/MainWindow.axaml:1715"
"XAML","Keyed","ui.preview_cleanup","Preview Cleanup","src/MystTiq.Desktop/MainWindow.axaml:1950"
"XAML","Keyed","ui.preview_is_immutable_and_short_lived_apply_delet_5540b3","Preview is immutable and short-lived. Apply deletes exactly that preview; any inventory change requires a new preview.","src/MystTiq.Desktop/MainWindow.axaml:1943"
"XAML","Keyed","ui.preview_migration","Preview Migration","src/MystTiq.Desktop/MainWindow.axaml:1740"
"XAML","Keyed","ui.preview_recovery","Preview Recovery","src/MystTiq.Desktop/MainWindow.axaml:898"
"XAML","Keyed","ui.preview_required","Preview required","src/MystTiq.Desktop/MainWindow.axaml:1893"
"XAML","Keyed","ui.preview_transfer","Preview Transfer","src/MystTiq.Desktop/MainWindow.axaml:897"
"XAML","Keyed","ui.principals","Principals","src/MystTiq.Desktop/MainWindow.axaml:2989"
"XAML","Keyed","ui.priority","Priority","src/MystTiq.Desktop/MainWindow.axaml:3158"
"XAML","Keyed","ui.private_operator_notes","Private operator notes","src/MystTiq.Desktop/MainWindow.axaml:1427"
"XAML","Keyed","ui.processor","PROCESSOR","src/MystTiq.Desktop/MainWindow.axaml:3121"
"XAML","Keyed","ui.processor_cores","Processor cores","src/MystTiq.Desktop/MainWindow.axaml:3170"
"XAML","Keyed","ui.promote_backend_required","Promote — BACKEND REQUIRED","src/MystTiq.Desktop/MainWindow.axaml:1384"
"XAML","Keyed","ui.public_ip_port","PUBLIC IP : PORT","src/MystTiq.Desktop/MainWindow.axaml:2487"
"XAML","Keyed","ui.public_ip_the_router_s_upnp_port_mapping_and_a_s_7ebbb9","Public IP, the router's UPnP port mapping, and a second NAT (carrier-grade NAT or a router behind another router) are checked automatically. Nothing here can send a real game packet from outside, so a friend joining from outside is the true test. Palworld uses UDP, and most port-checker websites only test TCP.","src/MystTiq.Desktop/MainWindow.axaml:2485"
"XAML","Keyed","ui.qol_preset","QoL preset","src/MystTiq.Desktop/MainWindow.axaml:978"
"XAML","Keyed","ui.rank","Rank","src/MystTiq.Desktop/MainWindow.axaml:1708"
"XAML","Keyed","ui.rcon","RCON","src/MystTiq.Desktop/MainWindow.axaml:1821"
"XAML","Keyed","ui.rcon_command","RCON command","src/MystTiq.Desktop/MainWindow.axaml:2815"
"XAML","Keyed","ui.rcon_command_for_example_info_showplayers_save","RCON command (for example: Info, ShowPlayers, Save)","src/MystTiq.Desktop/MainWindow.axaml:1834"
"XAML","Keyed","dashboard.rcon.tip","RCON state from the active PalWorldSettings.ini. Open Console for Doctor and legacy RCON commands.","src/MystTiq.Desktop/MainWindow.axaml:421"
"XAML","Keyed","ui.re_imports_this_mod_fresh_from_its_matched_local_05893d","Re-imports this MOD fresh from its matched local Steam Workshop copy, fixing missing or incomplete files. Fails honestly if no local Workshop source is known for it.","src/MystTiq.Desktop/MainWindow.axaml:2297"
"XAML","Keyed","ui.re_reads_online_players_and_base_locations","Re-reads online players and base locations.","src/MystTiq.Desktop/MainWindow.axaml:1227"
"XAML","Keyed","ui.read_directly_from_the_server_via_rcon_banlist_b_527108","Read directly from the server via RCON (BanList). Ban/Unban above use the same Steam/UserID shown here.","src/MystTiq.Desktop/MainWindow.axaml:1528"
"XAML","Keyed","ui.read_only_here_open_mod_library_to_change_enable_a5535b","Read-only here. Open MOD Library to change enabled state, install, delete, or update a MOD.","src/MystTiq.Desktop/MainWindow.axaml:2100"
"XAML","Keyed","ui.read_only_structural_evidence_no_local_gui_files_cd5c95","Read-only structural evidence; no local GUI filesystem inspection or world mutation.","src/MystTiq.Desktop/MainWindow.axaml:797"
"XAML","Keyed","ui.reads_the_item_and_pal_ids_that_occur_in_this_se_8cee74","Reads the item and Pal ids that occur in this server's world save, plus ids used in kits or given before, then the rest of the game's items and Pals. Names come from this server's own game files when Python and its Oodle module are installed.","src/MystTiq.Desktop/MainWindow.axaml:1492"
"XAML","Keyed","ui.ready","READY","src/MystTiq.Desktop/MainWindow.axaml:502"
"XAML","Keyed","ui.real_in_game_frame_time_from_palworld_s_own_rest_105dbf","Real in-game frame time from Palworld's own REST API (/v1/api/metrics). Requires the Palworld REST API to be enabled.","src/MystTiq.Desktop/MainWindow.axaml:1788"
"XAML","Keyed","ui.real_in_game_simulation_fps_from_palworld_s_own_b871c3","Real in-game simulation FPS from Palworld's own REST API (/v1/api/metrics) -- degrades with base/Pal count independent of host CPU%. Requires the Palworld REST API to be enabled.","src/MystTiq.Desktop/MainWindow.axaml:1782"
"XAML","Keyed","dashboard.fps.tip","Real in-game simulation FPS from Palworld's own REST API, sampled over the same history as CPU/Memory above.","src/MystTiq.Desktop/MainWindow.axaml:447"
"XAML","Keyed","ui.real_world_positions_and_bases_palpagos","Real-world positions and bases (Palpagos)","src/MystTiq.Desktop/MainWindow.axaml:1229"
"XAML","Keyed","ui.recent_claims","Recent claims","src/MystTiq.Desktop/MainWindow.axaml:1672"
"XAML","Keyed","ui.recent_findings","Recent Findings","src/MystTiq.Desktop/MainWindow.axaml:2961"
"XAML","Keyed","ui.recent_metrics","Recent Metrics","src/MystTiq.Desktop/MainWindow.axaml:1868"
"XAML","Keyed","ui.recent_runs","Recent Runs","src/MystTiq.Desktop/MainWindow.axaml:2820"
"XAML","Keyed","ui.recheck","Recheck","src/MystTiq.Desktop/MainWindow.axaml:2651"
"XAML","Keyed","ui.recovery_attempts","Recovery attempts","src/MystTiq.Desktop/MainWindow.axaml:3430"
"XAML","Keyed","ui.recovery_backoff","Recovery backoff","src/MystTiq.Desktop/MainWindow.axaml:3427"
"XAML","Keyed","ui.recovery_window","Recovery window","src/MystTiq.Desktop/MainWindow.axaml:3432"
"XAML","Keyed","ui.refresh","Refresh","src/MystTiq.Desktop/MainWindow.axaml:1287"
"XAML","Keyed","ui.refresh","Refresh","src/MystTiq.Desktop/MainWindow.axaml:2896"
"XAML","Keyed","ui.refresh","Refresh","src/MystTiq.Desktop/MainWindow.axaml:1628"
"XAML","Keyed","ui.refresh","Refresh","src/MystTiq.Desktop/MainWindow.axaml:1587"
"XAML","Keyed","ui.refresh","Refresh","src/MystTiq.Desktop/MainWindow.axaml:2940"
"XAML","Keyed","ui.refresh","Refresh","src/MystTiq.Desktop/MainWindow.axaml:1549"
"XAML","Keyed","ui.refresh","Refresh","src/MystTiq.Desktop/MainWindow.axaml:1227"
"XAML","Keyed","ui.refresh","Refresh","src/MystTiq.Desktop/MainWindow.axaml:1525"
"XAML","Keyed","ui.refresh_audit","Refresh Audit","src/MystTiq.Desktop/MainWindow.axaml:1803"
"XAML","Keyed","ui.refresh_bases","Refresh Bases","src/MystTiq.Desktop/MainWindow.axaml:1236"
"XAML","Keyed","ui.refresh_pals","Refresh Pals","src/MystTiq.Desktop/MainWindow.axaml:1696"
"XAML","Keyed","ui.release_source","Release source","src/MystTiq.Desktop/MainWindow.axaml:2025"
"XAML","Keyed","ui.reload_persistent_mysttiq_management_and_api_act_03d42b","Reload persistent MystTiq management and API activity.","src/MystTiq.Desktop/MainWindow.axaml:1803"
"XAML","Keyed","ui.reminder_every_minutes_0_off","Reminder every (minutes, 0 = off)","src/MystTiq.Desktop/MainWindow.axaml:2843"
"XAML","Keyed","ui.remove_broken_member","Remove Broken Member…","src/MystTiq.Desktop/MainWindow.axaml:866"
"XAML","Keyed","ui.remove_selected","Remove Selected","src/MystTiq.Desktop/MainWindow.axaml:1608"
"XAML","Keyed","ui.remove_selected_mapping","Remove Selected Mapping","src/MystTiq.Desktop/MainWindow.axaml:2928"
"XAML","Keyed","ui.remove_the_saved_encrypted_token_for_this_profil_f473c2","Remove the saved encrypted token for this profile (does not clear what's typed above)","src/MystTiq.Desktop/MainWindow.axaml:3533"
"XAML","Keyed","ui.remove_the_saved_encrypted_token_for_this_profil_f473c2","Remove the saved encrypted token for this profile (does not clear what's typed above)","src/MystTiq.Desktop/MainWindow.axaml:3367"
"XAML","Keyed","ui.removes_the_selected_player_s_steam_userid_from_a211e9","Removes the selected player's Steam/UserID from the server's RCON ban list. Works for offline (banned) players.","src/MystTiq.Desktop/MainWindow.axaml:1464"
"XAML","Keyed","ui.repair_center_recovery","Repair Center / Recovery","src/MystTiq.Desktop/MainWindow.axaml:2710"
"XAML","Keyed","ui.repair_selected","Repair Selected","src/MystTiq.Desktop/MainWindow.axaml:2297"
"XAML","Keyed","ui.repair_ue4ss_mod_state","Repair UE4SS MOD State","src/MystTiq.Desktop/MainWindow.axaml:2056"
"XAML","Keyed","ui.requires_confirmation_the_headless_service_valid_dec086","Requires confirmation. The headless service validates the values and refuses to overwrite an existing PalWorldSettings.ini. Connect first -- this writes to the server you just connected to.","src/MystTiq.Desktop/MainWindow.axaml:3911"
"XAML","Keyed","ui.reset_password","Reset Password","src/MystTiq.Desktop/MainWindow.axaml:3023"
"XAML","Keyed","ui.reset_player_s_claims","Reset Player's Claims","src/MystTiq.Desktop/MainWindow.axaml:1670"
"XAML","Keyed","ui.reset_view","Reset View","src/MystTiq.Desktop/MainWindow.axaml:1211"
"XAML","Keyed","dashboard.resourceHistory","RESOURCE HISTORY","src/MystTiq.Desktop/MainWindow.axaml:438"
"XAML","Keyed","ui.rest_port","REST Port","src/MystTiq.Desktop/MainWindow.axaml:3885"
"XAML","Keyed","ui.rest_port","REST Port","src/MystTiq.Desktop/MainWindow.axaml:3642"
"XAML","Keyed","ui.restart_mysttiq_now_to_bring_it_online","Restart MystTiq Now to Bring It Online","src/MystTiq.Desktop/MainWindow.axaml:3101"
"XAML","Keyed","ui.restart_palworld_server","Restart Palworld Server","src/MystTiq.Desktop/App.axaml:13"
"XAML","Keyed","ui.restore_requires_palserver_to_be_stopped_mysttiq_8daf7a","Restore requires PalServer to be stopped. MystTiq creates a safety backup of the current save before replacing it.","src/MystTiq.Desktop/MainWindow.axaml:1936"
"XAML","Keyed","ui.restore_selected","Restore Selected","src/MystTiq.Desktop/MainWindow.axaml:1932"
"XAML","Keyed","ui.restores_this_mod_to_its_state_before_the_last_i_53cdb3","Restores this MOD to its state before the last Install or Delete. A snapshot is captured automatically on every install/delete.","src/MystTiq.Desktop/MainWindow.axaml:2296"
"XAML","Keyed","ui.resume","Resume","src/MystTiq.Desktop/MainWindow.axaml:2881"
"XAML","Keyed","ui.retention","RETENTION","src/MystTiq.Desktop/MainWindow.axaml:1893"
"XAML","Keyed","ui.retention_cleanup","Retention Cleanup","src/MystTiq.Desktop/MainWindow.axaml:1942"
"XAML","Keyed","ui.review_guild_identity_leadership_membership_and_3976c5","Review guild identity, leadership, membership, and base-reference evidence.","src/MystTiq.Desktop/MainWindow.axaml:810"
"XAML","Keyed","ui.review_guild_owned_base_references_and_the_autho_850039","Review guild-owned base references and the authoritative guild evidence that ties bases to ownership.","src/MystTiq.Desktop/MainWindow.axaml:807"
"XAML","Keyed","ui.review_palworld_dedicated_server_update_readines_68ab23","Review Palworld dedicated-server update readiness and execute validated SteamCMD updates.","src/MystTiq.Desktop/MainWindow.axaml:579"
"XAML","Keyed","ui.review_persistent_mysttiq_management_api_activit_67dba3","Review persistent MystTiq management/API activity and audit events. Console output remains on the Live Console page.","src/MystTiq.Desktop/MainWindow.axaml:1760"
"XAML","Keyed","ui.review_validate_and_open_every_mysttiq_working_l_15d2bb","Review, validate, and open every MystTiq working location. Managed server paths remain authoritative on the headless host.","src/MystTiq.Desktop/MainWindow.axaml:2667"
"XAML","Keyed","ui.revoke_selected","Revoke Selected","src/MystTiq.Desktop/MainWindow.axaml:2991"
"XAML","Keyed","ui.right_click_a_mod_for_enable_disable_rollback_re_1ff8ee","Right-click a MOD for Enable/Disable/Rollback/Repair/Delete.","src/MystTiq.Desktop/MainWindow.axaml:2290"
"XAML","Keyed","ui.right_click_for_base_administration_actions","Right-click for base administration actions.","src/MystTiq.Desktop/MainWindow.axaml:885"
"XAML","Keyed","ui.right_click_for_guild_administration_actions","Right-click for guild administration actions.","src/MystTiq.Desktop/MainWindow.axaml:861"
"XAML","Keyed","ui.role_mapping_discord_role_id_mysttiq_role","Role mapping (Discord role ID → MystTiq role)","src/MystTiq.Desktop/MainWindow.axaml:2914"
"XAML","Keyed","ui.rollback_selected","Rollback Selected","src/MystTiq.Desktop/MainWindow.axaml:2296"
"XAML","Keyed","ui.router","ROUTER","src/MystTiq.Desktop/MainWindow.axaml:2489"
"XAML","Keyed","ui.router_upnp_mapping","ROUTER UPNP MAPPING","src/MystTiq.Desktop/MainWindow.axaml:2488"
"XAML","Keyed","ui.rules","Rules","src/MystTiq.Desktop/MainWindow.axaml:2799"
"XAML","Keyed","dashboard.scan.tip","Run Doctor checks immediately, in place. Use the ribbon's Doctor button to open the full Doctor page.","src/MystTiq.Desktop/MainWindow.axaml:425"
"XAML","Keyed","ui.run_now","Run Now","src/MystTiq.Desktop/MainWindow.axaml:2802"
"XAML","Keyed","ui.run_reachability_check","Run Reachability Check","src/MystTiq.Desktop/MainWindow.axaml:2480"
"XAML","Keyed","ui.runs_across_every_configured_server_profile_stag_f49f53","Runs across every configured server profile, staggered so they don't all fire at once.","src/MystTiq.Desktop/MainWindow.axaml:3039"
"XAML","Keyed","ui.runtime","RUNTIME","src/MystTiq.Desktop/MainWindow.axaml:2455"
"XAML","Keyed","ui.runtime","RUNTIME","src/MystTiq.Desktop/MainWindow.axaml:2689"
"XAML","Keyed","ui.runtime","RUNTIME","src/MystTiq.Desktop/MainWindow.axaml:2134"
"XAML","Keyed","ui.runtime","RUNTIME","src/MystTiq.Desktop/MainWindow.axaml:2344"
"XAML","Keyed","ui.runtime_and_network_health_are_evaluated_indepen_25b100","Runtime and network health are evaluated independently.","src/MystTiq.Desktop/MainWindow.axaml:2452"
"XAML","Keyed","ui.runtime_health","RUNTIME HEALTH","src/MystTiq.Desktop/MainWindow.axaml:2019"
"XAML","Keyed","ui.runtime_mods_root","Runtime Mods Root","src/MystTiq.Desktop/MainWindow.axaml:2053"
"XAML","Keyed","ui.safe_exit","Safe Exit","src/MystTiq.Desktop/Views/ConfirmMinimizeToTrayDialog.axaml:17"
"XAML","Keyed","ui.safe_exit_stop_server_and_management_backend","Safe Exit — stop server and management backend","src/MystTiq.Desktop/App.axaml:16"
"XAML","Keyed","ui.safe_isolation_plan","Safe Isolation Plan","src/MystTiq.Desktop/MainWindow.axaml:2741"
"XAML","Keyed","ui.safe_start_diagnostic","SAFE-START DIAGNOSTIC","src/MystTiq.Desktop/MainWindow.axaml:2414"
"XAML","Keyed","ui.save","Save","src/MystTiq.Desktop/MainWindow.axaml:3404"
"XAML","Keyed","dashboard.save","SAVE","src/MystTiq.Desktop/MainWindow.axaml:426"
"XAML","Keyed","ui.save","Save","src/MystTiq.Desktop/MainWindow.axaml:3229"
"XAML","Keyed","ui.save_and_runtime_dependencies","SAVE & RUNTIME DEPENDENCIES","src/MystTiq.Desktop/MainWindow.axaml:646"
"XAML","Keyed","ui.save_and_apply","Save and Apply","src/MystTiq.Desktop/MainWindow.axaml:3177"
"XAML","Keyed","ui.save_anti_cheat_rules","Save Anti-Cheat Rules","src/MystTiq.Desktop/MainWindow.axaml:2960"
"XAML","Keyed","ui.save_as_preset","Save As Preset","src/MystTiq.Desktop/MainWindow.axaml:981"
"XAML","Keyed","ui.save_changes","Save Changes","src/MystTiq.Desktop/Views/ConfirmSaveDiscardDialog.axaml:17"
"XAML","Keyed","ui.save_discord_bot_config","Save Discord Bot Config","src/MystTiq.Desktop/MainWindow.axaml:2929"
"XAML","Keyed","ui.save_key","Save Key","src/MystTiq.Desktop/MainWindow.axaml:2227"
"XAML","Keyed","ui.save_kits","Save Kits","src/MystTiq.Desktop/MainWindow.axaml:1668"
"XAML","Keyed","ui.save_notes","Save Notes","src/MystTiq.Desktop/MainWindow.axaml:1428"
"XAML","Keyed","ui.save_paths","Save Paths","src/MystTiq.Desktop/MainWindow.axaml:2681"
"XAML","Keyed","ui.save_points","Save Points","src/MystTiq.Desktop/MainWindow.axaml:1285"
"XAML","Keyed","ui.save_profile","Save Profile","src/MystTiq.Desktop/MainWindow.axaml:3375"
"XAML","Keyed","ui.save_profile","Save Profile","src/MystTiq.Desktop/MainWindow.axaml:3948"
"XAML","Keyed","ui.save_rules","Save Rules","src/MystTiq.Desktop/MainWindow.axaml:2851"
"XAML","Keyed","ui.save_this_profile_to_add_it_to_your_server_list","Save this profile to add it to your server list.","src/MystTiq.Desktop/MainWindow.axaml:3944"
"XAML","Keyed","ui.save_this_profile_to_add_it_to_your_server_list_590482","Save this profile to add it to your server list. You can always come back and finish the in-game defaults later from Settings.","src/MystTiq.Desktop/MainWindow.axaml:3934"
"XAML","Keyed","nav.SaveTools","Save Tools","src/MystTiq.Desktop/MainWindow.axaml:297"
"XAML","Keyed","ui.save_whitelist","Save Whitelist","src/MystTiq.Desktop/MainWindow.axaml:1609"
"XAML","Keyed","ui.saved_encrypted_after_connecting","Saved encrypted after connecting","src/MystTiq.Desktop/MainWindow.axaml:3365"
"XAML","Keyed","ui.saved_encrypted_after_connecting","Saved encrypted after connecting","src/MystTiq.Desktop/MainWindow.axaml:3531"
"XAML","Keyed","ui.saves","Saves","src/MystTiq.Desktop/MainWindow.axaml:736"
"XAML","Keyed","ui.saves_every_currently_loaded_setting_value_as_a_e221d7","Saves every currently-loaded setting value as a new named preset, stored locally on this machine.","src/MystTiq.Desktop/MainWindow.axaml:981"
"XAML","Keyed","dashboard.scan","SCAN","src/MystTiq.Desktop/MainWindow.axaml:425"
"XAML","Keyed","ui.scan_network","Scan Network","src/MystTiq.Desktop/MainWindow.axaml:3514"
"XAML","Keyed","ui.scans_locally_installed_steam_workshop_content_f_78b72f","Scans locally installed Steam Workshop content for Palworld (App ID 1623730) across all detected Steam libraries. Windows only — Workshop subscriptions live on the local Steam client.","src/MystTiq.Desktop/MainWindow.axaml:2194"
"XAML","Keyed","ui.scheduled_automation","Scheduled Automation","src/MystTiq.Desktop/MainWindow.axaml:2797"
"XAML","Keyed","ui.scroll_to_zoom_drag_to_pan_click_a_marker_or_a_n_7d2c6a","Scroll to zoom, drag to pan, click a marker or a name to zoom in on it.","src/MystTiq.Desktop/MainWindow.axaml:1208"
"XAML","Keyed","ui.search_activity","Search activity","src/MystTiq.Desktop/MainWindow.axaml:1805"
"XAML","Keyed","ui.search_base_id_guild_or_leader","Search base ID, guild, or leader","src/MystTiq.Desktop/MainWindow.axaml:883"
"XAML","Keyed","ui.search_console","Search console","src/MystTiq.Desktop/MainWindow.axaml:1852"
"XAML","Keyed","ui.search_guild_id_leader_or_player_id","Search guild, ID, leader, or player ID","src/MystTiq.Desktop/MainWindow.axaml:851"
"XAML","Keyed","ui.search_names_or_ids_e_g_pal_sphere_lamball","Search names or ids, e.g. pal sphere, lamball","src/MystTiq.Desktop/MainWindow.axaml:1491"
"XAML","Keyed","ui.search_notifications","Search notifications","src/MystTiq.Desktop/MainWindow.axaml:2779"
"XAML","Keyed","ui.search_player_id_guild_or_platform","Search player, ID, guild, or platform","src/MystTiq.Desktop/MainWindow.axaml:1357"
"XAML","Keyed","ui.search_setting_name_category_or_description","Search setting name, category, or description","src/MystTiq.Desktop/MainWindow.axaml:985"
"XAML","Keyed","ui.security","Security","src/MystTiq.Desktop/MainWindow.axaml:2980"
"XAML","Keyed","ui.security","Security","src/MystTiq.Desktop/MainWindow.axaml:3455"
"XAML","Keyed","nav.Security","Security","src/MystTiq.Desktop/MainWindow.axaml:309"
"XAML","Keyed","ui.see_row_action","See row action","src/MystTiq.Desktop/MainWindow.axaml:503"
"XAML","Keyed","ui.select_a_mod_from_the_installed_mods_list_to_see_5c86e5","Select a MOD from the Installed MODs list to see its details here.","src/MystTiq.Desktop/MainWindow.axaml:2402"
"XAML","Keyed","ui.select_a_mod_from_the_list_to_see_its_details_he_969534","Select a MOD from the list to see its details here.","src/MystTiq.Desktop/MainWindow.axaml:2142"
"XAML","Keyed","ui.select_a_player_right_click_online_records_for_s_ff8201","Select a player; right-click online records for supported administration actions.","src/MystTiq.Desktop/MainWindow.axaml:1374"
"XAML","Keyed","ui.select_an_instance_above_to_see_details_and_avai_446490","Select an instance above to see details and available actions.","src/MystTiq.Desktop/MainWindow.axaml:2612"
"XAML","Keyed","ui.select_guild","Select Guild","src/MystTiq.Desktop/Views/SelectGuildDialog.axaml:6"
"XAML","Keyed","ui.select_player","Select Player","src/MystTiq.Desktop/Views/SelectPlayerDialog.axaml:6"
"XAML","Keyed","ui.selected_backup","Selected Backup","src/MystTiq.Desktop/MainWindow.axaml:1929"
"XAML","Keyed","ui.selected_kit","Selected kit","src/MystTiq.Desktop/MainWindow.axaml:1648"
"XAML","Keyed","ui.selected_notification","Selected Notification","src/MystTiq.Desktop/MainWindow.axaml:2782"
"XAML","Keyed","ui.selected_player","Selected Player","src/MystTiq.Desktop/MainWindow.axaml:1410"
"XAML","Keyed","ui.selected_rule","Selected Rule","src/MystTiq.Desktop/MainWindow.axaml:2802"
"XAML","Keyed","ui.selecting_a_preset_applies_it_immediately","Selecting a preset applies it immediately.","src/MystTiq.Desktop/MainWindow.axaml:979"
"XAML","Keyed","ui.self_test_results","Self-Test Results","src/MystTiq.Desktop/MainWindow.axaml:2770"
"XAML","Keyed","ui.semantic_evidence","SEMANTIC EVIDENCE","src/MystTiq.Desktop/MainWindow.axaml:833"
"XAML","Keyed","ui.semantic_warnings_limitations","Semantic Warnings / Limitations","src/MystTiq.Desktop/MainWindow.axaml:903"
"XAML","Keyed","ui.send","Send","src/MystTiq.Desktop/MainWindow.axaml:1292"
"XAML","Keyed","ui.send_crash_recovery_alerts_crashed_restart_faile_12e88a","Send crash-recovery alerts (crashed, restart failed, gave up)","src/MystTiq.Desktop/MainWindow.axaml:2849"
"XAML","Keyed","ui.send_selected_player_to","Send selected player to","src/MystTiq.Desktop/MainWindow.axaml:1290"
"XAML","Keyed","ui.send_test_notification","Send Test Notification","src/MystTiq.Desktop/MainWindow.axaml:2882"
"XAML","Keyed","ui.sends_the_version_command_over_rcon_and_shows_th_6319b4","Sends the version command over RCON and shows the server's raw reply. The server must be running.","src/MystTiq.Desktop/MainWindow.axaml:1633"
"XAML","Keyed","category.server","Server","src/MystTiq.Desktop/MainWindow.axaml:134"
"XAML","Keyed","dashboard.server","SERVER","src/MystTiq.Desktop/MainWindow.axaml:354"
"XAML","Keyed","ui.server_browser_description","Server browser description","src/MystTiq.Desktop/MainWindow.axaml:935"
"XAML","Keyed","ui.server_discovery","SERVER DISCOVERY","src/MystTiq.Desktop/MainWindow.axaml:2676"
"XAML","Keyed","nav.Doctor","Server Doctor","src/MystTiq.Desktop/MainWindow.axaml:295"
"XAML","Keyed","ui.server_environment","SERVER ENVIRONMENT","src/MystTiq.Desktop/MainWindow.axaml:3787"
"XAML","Keyed","ui.server_environment","SERVER ENVIRONMENT","src/MystTiq.Desktop/MainWindow.axaml:506"
"XAML","Keyed","ui.server_fps","Server FPS","src/MystTiq.Desktop/MainWindow.axaml:1784"
"XAML","Keyed","ui.server_identity","SERVER IDENTITY","src/MystTiq.Desktop/MainWindow.axaml:928"
"XAML","Keyed","ui.server_identity_description_and_ports_were_appli_485f06","Server identity, description, and ports were applied automatically after install.","src/MystTiq.Desktop/MainWindow.axaml:3940"
"XAML","Keyed","ui.server_is_running","Server is running","src/MystTiq.Desktop/Views/ConfirmCloseTabDialog.axaml:12"
"XAML","Keyed","ui.server_is_running","Server is running","src/MystTiq.Desktop/Views/ConfirmMinimizeToTrayDialog.axaml:12"
"XAML","Keyed","ui.server_name","Server name","src/MystTiq.Desktop/MainWindow.axaml:3629"
"XAML","Keyed","ui.server_name","Server name","src/MystTiq.Desktop/MainWindow.axaml:929"
"XAML","Keyed","dashboard.serverName","SERVER NAME","src/MystTiq.Desktop/MainWindow.axaml:483"
"XAML","Keyed","ui.server_name","Server name","src/MystTiq.Desktop/MainWindow.axaml:3878"
"XAML","Keyed","ui.server_password","Server password","src/MystTiq.Desktop/MainWindow.axaml:938"
"XAML","Keyed","ui.server_password_optional","Server Password (optional)","src/MystTiq.Desktop/MainWindow.axaml:3881"
"XAML","Keyed","ui.server_password_optional","Server Password (optional)","src/MystTiq.Desktop/MainWindow.axaml:3632"
"XAML","Keyed","ui.server_paths","Server Paths","src/MystTiq.Desktop/MainWindow.axaml:3437"
"XAML","Keyed","ui.server_priority_eco_mode_and_cores","Server priority, eco mode and cores","src/MystTiq.Desktop/MainWindow.axaml:3155"
"XAML","Keyed","ui.server_profiles","Server Profiles","src/MystTiq.Desktop/MainWindow.axaml:3047"
"XAML","Keyed","dashboard.serverSession","SERVER SESSION","src/MystTiq.Desktop/MainWindow.axaml:410"
"XAML","Keyed","nav.ServerSetup","Server Setup","src/MystTiq.Desktop/MainWindow.axaml:275"
"XAML","Keyed","ui.server_still_running","Server Still Running","src/MystTiq.Desktop/Views/ConfirmMinimizeToTrayDialog.axaml:6"
"XAML","Keyed","ui.server_authoritative_saveroot","Server-authoritative SaveRoot","src/MystTiq.Desktop/MainWindow.axaml:743"
"XAML","Keyed","ui.server_side_save_inventory","Server-Side Save Inventory","src/MystTiq.Desktop/MainWindow.axaml:2771"
"XAML","Keyed","ui.service_poll","Service poll","src/MystTiq.Desktop/MainWindow.axaml:3425"
"XAML","Keyed","ui.service_url","Service URL","src/MystTiq.Desktop/MainWindow.axaml:3507"
"XAML","Keyed","ui.service_url","Service URL","src/MystTiq.Desktop/MainWindow.axaml:3347"
"XAML","Keyed","ui.service_url","Service URL","src/MystTiq.Desktop/MainWindow.axaml:3527"
"XAML","Keyed","ui.set_source","Set Source","src/MystTiq.Desktop/MainWindow.axaml:2398"
"XAML","Keyed","ui.set_up_a_new_world","Set Up a New World","src/MystTiq.Desktop/MainWindow.axaml:3562"
"XAML","Keyed","ui.sets_a_new_password_and_signs_the_account_out_ev_510d9d","Sets a new password and signs the account out everywhere.","src/MystTiq.Desktop/MainWindow.axaml:3023"
"XAML","Keyed","ui.setting","SETTING","src/MystTiq.Desktop/MainWindow.axaml:1068"
"XAML","Keyed","nav.Settings","Settings","src/MystTiq.Desktop/MainWindow.axaml:304"
"XAML","Keyed","ui.show_files","Show Files","src/MystTiq.Desktop/MainWindow.axaml:2250"
"XAML","Keyed","ui.show_guild_bases","Show guild bases","src/MystTiq.Desktop/MainWindow.axaml:1234"
"XAML","Keyed","ui.show_hidden_ribbon_actions","Show hidden ribbon actions","src/MystTiq.Desktop/MainWindow.axaml:200"
"XAML","Keyed","ui.show_hidden_ribbon_actions","Show hidden ribbon actions","src/MystTiq.Desktop/MainWindow.axaml:200"
"XAML","Keyed","ui.show_hidden_tabs","Show hidden tabs","src/MystTiq.Desktop/MainWindow.axaml:95"
"XAML","Keyed","ui.show_hidden_tabs","Show hidden tabs","src/MystTiq.Desktop/MainWindow.axaml:95"
"XAML","Keyed","ui.show_mysttiq","Show MystTiq","src/MystTiq.Desktop/App.axaml:10"
"XAML","Keyed","ui.show_offline_players_last_known_position","Show offline players (last known position)","src/MystTiq.Desktop/MainWindow.axaml:1212"
"XAML","Keyed","ui.show_pals_at_bases_and_in_parties","Show Pals (at bases and in parties)","src/MystTiq.Desktop/MainWindow.axaml:1235"
"XAML","Keyed","ui.show_status_in_bot_presence","Show status in bot presence","src/MystTiq.Desktop/MainWindow.axaml:2912"
"XAML","Keyed","ui.show_hide_the_bearer_token","Show/hide the bearer token","src/MystTiq.Desktop/MainWindow.axaml:3532"
"XAML","Keyed","ui.show_hide_the_bearer_token","Show/hide the bearer token","src/MystTiq.Desktop/MainWindow.axaml:3366"
"XAML","Keyed","ui.shows_only_one_row_per_player_name_preferring_on_e7f24c","Shows only one row per player name (preferring online, then a known save, then most recently updated) -- the others still exist, they're just hidden from this list.","src/MystTiq.Desktop/MainWindow.axaml:1365"
"XAML","Keyed","ui.sign_in","Sign In","src/MystTiq.Desktop/MainWindow.axaml:3386"
"XAML","Keyed","ui.sign_in_with_a_user_account","Sign in with a user account","src/MystTiq.Desktop/MainWindow.axaml:3381"
"XAML","Keyed","ui.sign_out","Sign Out","src/MystTiq.Desktop/MainWindow.axaml:3387"
"XAML","Keyed","ui.simple_settings","Simple Settings","src/MystTiq.Desktop/MainWindow.axaml:976"
"XAML","Keyed","ui.simple_settings_shows_server_identity_connectivi_c2fcef","Simple Settings shows server identity, connectivity, and the most useful gameplay/QoL controls. Switch to Advanced Settings for the complete OptionSettings list.","src/MystTiq.Desktop/MainWindow.axaml:1005"
"XAML","Keyed","ui.size","Size","src/MystTiq.Desktop/MainWindow.axaml:1908"
"XAML","Keyed","ui.solid_green_dots_are_online_players_at_their_liv_44b657","Solid green dots are online players, at their live position from Palworld's REST API. Hollow grey rings are offline players, at the last position the save recorded for them. Amber squares are guild bases, and violet circles are owned Pals (at bases or in parties). Bases, Pals and offline players come from the world save, so they show even when the server is stopped.","src/MystTiq.Desktop/MainWindow.axaml:1207"
"XAML","Keyed","ui.source_the_connection_this_tab_currently_uses","SOURCE (the connection this tab currently uses)","src/MystTiq.Desktop/MainWindow.axaml:3075"
"XAML","Keyed","ui.source_player","Source player","src/MystTiq.Desktop/MainWindow.axaml:1728"
"XAML","Keyed","ui.start_palworld_server","Start Palworld Server","src/MystTiq.Desktop/App.axaml:12"
"XAML","Keyed","ui.starter_kits","Starter Kits","src/MystTiq.Desktop/MainWindow.axaml:1625"
"XAML","Keyed","ui.starter_preset","Starter Preset","src/MystTiq.Desktop/MainWindow.axaml:3687"
"XAML","Keyed","ui.starter_preset_optional_applied_after_create_def_b56a5c","Starter Preset (optional, applied after Create Default Settings above)","src/MystTiq.Desktop/MainWindow.axaml:3902"
"XAML","Keyed","ui.starts_with_or_so_it_never_clashes_with_paldefen_cb6a1b","Starts with ! or . so it never clashes with PalDefender's own / commands.","src/MystTiq.Desktop/MainWindow.axaml:1276"
"XAML","Keyed","ui.startup_timeout","Startup timeout","src/MystTiq.Desktop/MainWindow.axaml:3420"
"XAML","Keyed","ui.state","STATE","src/MystTiq.Desktop/MainWindow.axaml:1072"
"XAML","Keyed","ui.statistics","Statistics","src/MystTiq.Desktop/MainWindow.axaml:736"
"XAML","Keyed","ui.statistics_saves","Statistics / Saves","src/MystTiq.Desktop/MainWindow.axaml:794"
"XAML","Keyed","ui.status","STATUS","src/MystTiq.Desktop/MainWindow.axaml:1909"
"XAML","Keyed","ui.status","STATUS","src/MystTiq.Desktop/MainWindow.axaml:512"
"XAML","Keyed","ui.status","STATUS","src/MystTiq.Desktop/MainWindow.axaml:3794"
"XAML","Keyed","ui.steam_storage_runtime","Steam, storage, runtime","src/MystTiq.Desktop/MainWindow.axaml:501"
"XAML","Keyed","ui.steam_userid","Steam/UserID","src/MystTiq.Desktop/MainWindow.axaml:1596"
"XAML","Keyed","ui.steamcmd","SteamCMD","src/MystTiq.Desktop/MainWindow.axaml:595"
"XAML","Keyed","ui.steamcmd","SteamCMD","src/MystTiq.Desktop/MainWindow.axaml:2687"
"XAML","Keyed","ui.steamcmd_plan","SteamCMD Plan","src/MystTiq.Desktop/MainWindow.axaml:688"
"XAML","Keyed","ui.step_2_of_8_world_source","Step 2 of 8 — World Source","src/MystTiq.Desktop/MainWindow.axaml:3554"
"XAML","Keyed","ui.step_3_of_8_clone_an_existing_server","Step 3 of 8 — Clone an Existing Server","src/MystTiq.Desktop/MainWindow.axaml:3592"
"XAML","Keyed","ui.step_3_of_8_server_identity_and_ports","Step 3 of 8 — Server Identity & Ports","src/MystTiq.Desktop/MainWindow.axaml:3625"
"XAML","Keyed","ui.step_4_of_8_world_settings","Step 4 of 8 — World Settings","src/MystTiq.Desktop/MainWindow.axaml:3663"
"XAML","Keyed","ui.step_5_of_8_install_directory","Step 5 of 8 — Install Directory","src/MystTiq.Desktop/MainWindow.axaml:3703"
"XAML","Keyed","ui.step_6_of_8_install_palworld_dedicated_server","Step 6 of 8 — Install Palworld Dedicated Server","src/MystTiq.Desktop/MainWindow.axaml:3729"
"XAML","Keyed","ui.step_7_of_8_mods","Step 7 of 8 — MODs","src/MystTiq.Desktop/MainWindow.axaml:3836"
"XAML","Keyed","ui.stop_and_close","Stop & Close","src/MystTiq.Desktop/Views/ConfirmCloseTabDialog.axaml:17"
"XAML","Keyed","ui.stop_palworld_server","Stop Palworld Server","src/MystTiq.Desktop/App.axaml:14"
"XAML","Keyed","ui.stop_the_server_gracefully_then_exit","Stop the server gracefully, then exit.","src/MystTiq.Desktop/Views/ConfirmMinimizeToTrayDialog.axaml:17"
"XAML","Keyed","ui.stop_timeout","Stop timeout","src/MystTiq.Desktop/MainWindow.axaml:3422"
"XAML","Keyed","ui.stop_via_mysttiq","Stop via MystTiq","src/MystTiq.Desktop/MainWindow.axaml:2604"
"XAML","Keyed","dashboard.format.stored","Stored: {0}","src/MystTiq.Desktop/MainWindow.axaml:377"
"XAML","Keyed","ui.stores_the_key_on_this_pc_only_encrypted_for_you_88097d","Stores the key on this PC only, encrypted for your Windows account.","src/MystTiq.Desktop/MainWindow.axaml:2227"
"XAML","Keyed","ui.summons_the_selected_online_player_to_your_admin_67d902","Summons the selected online player to your admin character, via RCON. Needs an admin character in the world.","src/MystTiq.Desktop/MainWindow.axaml:1248"
"XAML","Keyed","ui.summons_the_selected_online_player_to_your_admin_2f6256","Summons the selected online player to your admin character's in-game location, via RCON. Requires an admin character actually present in the world.","src/MystTiq.Desktop/MainWindow.axaml:1465"
"XAML","Keyed","ui.support_diagnostic_report","Support Diagnostic Report","src/MystTiq.Desktop/MainWindow.axaml:2469"
"XAML","Keyed","ui.support_output_excludes_passwords_bearer_tokens_13a61f","Support output excludes passwords, bearer tokens, certificate pins, URL credentials, query strings and fragments.","src/MystTiq.Desktop/MainWindow.axaml:2469"
"XAML","Keyed","ui.sustained_high_cpu","Sustained high CPU %","src/MystTiq.Desktop/MainWindow.axaml:2835"
"XAML","Keyed","ui.sustained_high_memory_mb","Sustained high memory (MB)","src/MystTiq.Desktop/MainWindow.axaml:2836"
"XAML","Keyed","category.system","System","src/MystTiq.Desktop/MainWindow.axaml:141"
"XAML","Keyed","ui.talent_def","Talent Def.","src/MystTiq.Desktop/MainWindow.axaml:1711"
"XAML","Keyed","ui.talent_hp","Talent HP","src/MystTiq.Desktop/MainWindow.axaml:1709"
"XAML","Keyed","ui.talent_shot","Talent Shot","src/MystTiq.Desktop/MainWindow.axaml:1710"
"XAML","Keyed","ui.target_directory","Target directory","src/MystTiq.Desktop/MainWindow.axaml:3708"
"XAML","Keyed","ui.target_guild_id_32_hex","Target guild ID (32-hex)","src/MystTiq.Desktop/MainWindow.axaml:897"
"XAML","Keyed","ui.target_player_id_32_hex","Target player ID (32-hex)","src/MystTiq.Desktop/MainWindow.axaml:879"
"XAML","Keyed","ui.target_server_id","Target server ID","src/MystTiq.Desktop/MainWindow.axaml:3357"
"XAML","Keyed","ui.teleport_points","Teleport Points","src/MystTiq.Desktop/MainWindow.axaml:1270"
"XAML","Keyed","ui.teleport_to_me","Teleport To Me","src/MystTiq.Desktop/MainWindow.axaml:1465"
"XAML","Keyed","ui.teleport_to_me","Teleport To Me","src/MystTiq.Desktop/MainWindow.axaml:1248"
"XAML","Keyed","ui.teleport_to_player","Teleport To Player","src/MystTiq.Desktop/MainWindow.axaml:1249"
"XAML","Keyed","ui.teleport_to_player","Teleport To Player","src/MystTiq.Desktop/MainWindow.axaml:1466"
"XAML","Keyed","ui.teleports_the_selected_online_player_to_a_saved_b0d643","Teleports the selected online player to a saved point now, without them typing anything.","src/MystTiq.Desktop/MainWindow.axaml:1292"
"XAML","Keyed","ui.temp_ban_560bdc","Temp Ban","src/MystTiq.Desktop/MainWindow.axaml:1471"
"XAML","Keyed","ui.temp_ban","Temp ban:","src/MystTiq.Desktop/MainWindow.axaml:1469"
"XAML","Keyed","ui.temporary_bans","Temporary Bans","src/MystTiq.Desktop/MainWindow.axaml:1546"
"XAML","Keyed","ui.terminate_the_server_immediately_and_exit_skips_c4d9fe","Terminate the server immediately and exit -- skips the graceful shutdown.","src/MystTiq.Desktop/Views/ConfirmMinimizeToTrayDialog.axaml:16"
"XAML","Keyed","ui.test_paldefender","Test PalDefender","src/MystTiq.Desktop/MainWindow.axaml:1633"
"XAML","Keyed","ui.the_disks_holding_something_of_this_server_come_e67132","The disks holding something of this server come first.","src/MystTiq.Desktop/MainWindow.axaml:3255"
"XAML","Keyed","ui.the_gui_uploads_the_archive_to_the_headless_serv_9a019b","The GUI uploads the archive to the headless server. Extraction is size-bounded, staged, and rejects absolute or traversal paths. PAK vs. UE4SS is detected automatically from the archive's own contents.","src/MystTiq.Desktop/MainWindow.axaml:2171"
"XAML","Keyed","ui.the_live_map_of_online_players_and_guild_bases_h_be8885","The live map of online players and guild bases has its own page under World.","src/MystTiq.Desktop/MainWindow.axaml:1442"
"XAML","Keyed","ui.there_are_no_automation_rules_so_no_backup_runs_162377","There are no automation rules, so no backup runs on its own: a backup only exists when someone presses Backup. The New Rule form below is already set up as a nightly backup at 03:00 UTC: type a name such as 'Nightly backup' and press Create.","src/MystTiq.Desktop/MainWindow.axaml:2793"
"XAML","Keyed","ui.these_values_are_applied_automatically_right_aft_6e158c","These values are applied automatically right after Install (step 6) creates PalWorldSettings.ini -- nothing here is saved yet. This is the Palworld dedicated server's own name/settings -- separate from the Profile Name above, which only labels this MystTiq connection.","src/MystTiq.Desktop/MainWindow.axaml:3626"
"XAML","Keyed","ui.this_machine","This Machine","src/MystTiq.Desktop/MainWindow.axaml:3116"
"XAML","Keyed","ui.this_machine","This Machine","src/MystTiq.Desktop/MainWindow.axaml:2530"
"XAML","Keyed","ui.this_permanently_deletes_the_player_s_save_file_7971d5","This permanently deletes the player's save file. A fresh safety backup is taken automatically first, and this cannot be undone except by restoring it.","src/MystTiq.Desktop/Views/ConfirmDeletePlayerDialog.axaml:20"
"XAML","Keyed","ui.this_phase_is_read_only_player_guild_repair_migr_86174f","This phase is read-only. Player/guild repair, migration, leadership transfer and character modification remain later administration workflows.","src/MystTiq.Desktop/MainWindow.axaml:844"
"XAML","Keyed","ui.threads","Threads","src/MystTiq.Desktop/MainWindow.axaml:1778"
"XAML","Keyed","dashboard.format.threads","Threads {0}","src/MystTiq.Desktop/MainWindow.axaml:396"
"XAML","Keyed","ui.threshold_rules","Threshold Rules","src/MystTiq.Desktop/MainWindow.axaml:2833"
"XAML","Keyed","ui.time_utc_hh_mm_interval_min_idle_threshold_min","Time (UTC, HH:mm) / Interval (min) / Idle threshold (min)","src/MystTiq.Desktop/MainWindow.axaml:2810"
"XAML","Keyed","ui.tip_find_an_item_or_pal_under_player_administrat_167e7f","Tip: ""Find an item or Pal"" under Player Administration adds ids from this world to the selected kit.","src/MystTiq.Desktop/MainWindow.axaml:1652"
"XAML","Keyed","ui.title","Title","src/MystTiq.Desktop/MainWindow.axaml:2814"
"XAML","Keyed","ui.tls_sha_256_pin","TLS SHA-256 pin","src/MystTiq.Desktop/MainWindow.axaml:3535"
"XAML","Keyed","ui.tls_sha_256_pin","TLS SHA-256 pin","src/MystTiq.Desktop/MainWindow.axaml:3370"
"XAML","Keyed","ui.toggle_read_unread","Toggle Read / Unread","src/MystTiq.Desktop/MainWindow.axaml:2782"
"XAML","Keyed","category.tools","Tools","src/MystTiq.Desktop/MainWindow.axaml:138"
"XAML","Keyed","ui.total_archives","TOTAL ARCHIVES","src/MystTiq.Desktop/MainWindow.axaml:1890"
"XAML","Keyed","ui.total_size","TOTAL SIZE","src/MystTiq.Desktop/MainWindow.axaml:729"
"XAML","Keyed","ui.traffic_of_the_whole_machine_through_each_adapte_26cfa8","Traffic of the whole machine through each adapter, not only the server's.","src/MystTiq.Desktop/MainWindow.axaml:3238"
"XAML","Keyed","ui.transaction_center_durable_journal","Transaction Center / Durable Journal","src/MystTiq.Desktop/MainWindow.axaml:2719"
"XAML","Keyed","ui.transaction_plan","Transaction Plan","src/MystTiq.Desktop/MainWindow.axaml:2713"
"XAML","Keyed","ui.transaction_plan","Transaction Plan","src/MystTiq.Desktop/MainWindow.axaml:3748"
"XAML","Keyed","ui.transfer_leadership_to","Transfer Leadership To…","src/MystTiq.Desktop/MainWindow.axaml:864"
"XAML","Keyed","ui.transfer_to_guild","Transfer to Guild…","src/MystTiq.Desktop/MainWindow.axaml:890"
"XAML","Keyed","settings.language.note","Translated: the pages' labels, buttons, tips and menus. Status and error messages, and text sent by the server, are still in English. Languages other than English are first drafts awaiting review by native speakers.","src/MystTiq.Desktop/MainWindow.axaml:3294"
"XAML","Keyed","ui.trending","Trending","src/MystTiq.Desktop/MainWindow.axaml:2232"
"XAML","Keyed","ui.trigger","Trigger","src/MystTiq.Desktop/MainWindow.axaml:2809"
"XAML","Keyed","nav.Ue4ss","UE4SS","src/MystTiq.Desktop/MainWindow.axaml:291"
"XAML","Keyed","ui.ue4ss_runtime","UE4SS Runtime","src/MystTiq.Desktop/MainWindow.axaml:2016"
"XAML","Keyed","ui.unban","Unban","src/MystTiq.Desktop/MainWindow.axaml:1464"
"XAML","Keyed","ui.unlike_mute_alerts_nothing_is_silenced_in_mystti_3218bd","Unlike Mute Alerts, nothing is silenced in MystTiq itself: alerts and notifications keep appearing on the Notifications page. Only the outside sends stop, and each skipped send is written to the Activity log.","src/MystTiq.Desktop/MainWindow.axaml:2885"
"XAML","Keyed","ui.unmute","Unmute","src/MystTiq.Desktop/MainWindow.axaml:2865"
"XAML","Keyed","ui.unsaved_changes","Unsaved Changes","src/MystTiq.Desktop/Views/ConfirmSaveDiscardDialog.axaml:6"
"XAML","Keyed","ui.unsaved_configuration_changes","Unsaved configuration changes","src/MystTiq.Desktop/Views/ConfirmSaveDiscardDialog.axaml:12"
"XAML","Keyed","ui.unverified","UNVERIFIED","src/MystTiq.Desktop/MainWindow.axaml:2009"
"XAML","Keyed","ui.update","Update","src/MystTiq.Desktop/MainWindow.axaml:2363"
"XAML","Keyed","ui.update","Update","src/MystTiq.Desktop/MainWindow.axaml:662"
"XAML","Keyed","ui.update","Update","src/MystTiq.Desktop/MainWindow.axaml:637"
"XAML","Keyed","ui.update","Update","src/MystTiq.Desktop/MainWindow.axaml:2360"
"XAML","Keyed","ui.update_all","Update All","src/MystTiq.Desktop/MainWindow.axaml:3043"
"XAML","Keyed","ui.update_available","UPDATE AVAILABLE","src/MystTiq.Desktop/MainWindow.axaml:2316"
"XAML","Keyed","nav.UpdateCenter","Update Center","src/MystTiq.Desktop/MainWindow.axaml:294"
"XAML","Keyed","ui.update_palworld_server","Update Palworld Server","src/MystTiq.Desktop/MainWindow.axaml:679"
"XAML","Keyed","ui.uptime","UPTIME","src/MystTiq.Desktop/MainWindow.axaml:3131"
"XAML","Keyed","ui.use_refresh_in_the_ribbon_to_check_every_compone_78bb96","Use ""Refresh"" in the ribbon to check every component's installed and latest version.","src/MystTiq.Desktop/MainWindow.axaml:672"
"XAML","Keyed","ui.use_a_starter_preset","Use a Starter Preset","src/MystTiq.Desktop/MainWindow.axaml:3671"
"XAML","Keyed","ui.use_it","Use It","src/MystTiq.Desktop/MainWindow.axaml:3225"
"XAML","Keyed","ui.used_only_when_trigger_is_idleempty_stop_after_t_8c30de","Used only when Trigger is IdleEmpty: stop after this many minutes with 0 online players.","src/MystTiq.Desktop/MainWindow.axaml:2811"
"XAML","Keyed","ui.user_accounts","User Accounts","src/MystTiq.Desktop/MainWindow.axaml:2997"
"XAML","Keyed","ui.username","Username","src/MystTiq.Desktop/MainWindow.axaml:3001"
"XAML","Keyed","ui.username","Username","src/MystTiq.Desktop/MainWindow.axaml:3384"
"XAML","Keyed","ui.validate_all","Validate All","src/MystTiq.Desktop/MainWindow.axaml:2669"
"XAML","Keyed","ui.validate_server_files_with_steamcmd","Validate server files with SteamCMD","src/MystTiq.Desktop/MainWindow.axaml:677"
"XAML","Keyed","ui.validator_and_recovery","Validator & Recovery","src/MystTiq.Desktop/MainWindow.axaml:711"
"XAML","Keyed","ui.verified","Verified","src/MystTiq.Desktop/MainWindow.axaml:1891"
"XAML","Keyed","ui.verified","Verified","src/MystTiq.Desktop/MainWindow.axaml:502"
"XAML","Keyed","ui.verify_selected","Verify Selected","src/MystTiq.Desktop/MainWindow.axaml:1931"
"XAML","Keyed","ui.violet_circles_are_owned_pals_at_the_last_positi_6a5074","Violet circles are owned Pals, at the last position the save recorded: working at a base, or travelling in a player's party. Pals close together share one circle with a count; zoom in to separate them. Palbox Pals and wild Pals are not drawn.","src/MystTiq.Desktop/MainWindow.axaml:1235"
"XAML","Keyed","ui.wan_external_reachability","WAN / External Reachability","src/MystTiq.Desktop/MainWindow.axaml:2477"
"XAML","Keyed","ui.what_this_usually_means","What this usually means","src/MystTiq.Desktop/MainWindow.axaml:2749"
"XAML","Keyed","ui.what_to_try","What to try","src/MystTiq.Desktop/MainWindow.axaml:2751"
"XAML","Keyed","ui.whisper_backend_required","Whisper — BACKEND REQUIRED","src/MystTiq.Desktop/MainWindow.axaml:1383"
"XAML","Keyed","ui.whitelist","Whitelist","src/MystTiq.Desktop/MainWindow.axaml:1584"
"XAML","Keyed","ui.wipe_base_completely","Wipe Base Completely…","src/MystTiq.Desktop/MainWindow.axaml:891"
"XAML","Keyed","nav.Workspace","Workspace","src/MystTiq.Desktop/MainWindow.axaml:278"
"XAML","Keyed","ui.workspace_health","WORKSPACE HEALTH","src/MystTiq.Desktop/MainWindow.axaml:2675"
"XAML","Keyed","ui.workspace_locations","WORKSPACE LOCATIONS","src/MystTiq.Desktop/MainWindow.axaml:2681"
"XAML","Keyed","ui.workspace_root","Workspace root","src/MystTiq.Desktop/MainWindow.axaml:2684"
"XAML","Keyed","category.world","World","src/MystTiq.Desktop/MainWindow.axaml:135"
"XAML","Keyed","ui.world","World","src/MystTiq.Desktop/MainWindow.axaml:1013"
"XAML","Keyed","ui.world_explorer","World Explorer","src/MystTiq.Desktop/MainWindow.axaml:736"
"XAML","Keyed","ui.world_explorer_is_read_only_in_this_phase_it_inv_0dd60d","World Explorer is read-only in this phase. It inventories active world/save files but does not decode, modify, restore, move, or delete save data.","src/MystTiq.Desktop/MainWindow.axaml:745"
"XAML","Keyed","ui.world_health","World Health","src/MystTiq.Desktop/MainWindow.axaml:736"
"XAML","Keyed","ui.world_health_integrity","World Health / Integrity","src/MystTiq.Desktop/MainWindow.axaml:797"
"XAML","Keyed","ui.world_inspector_sections","World Inspector Sections","src/MystTiq.Desktop/MainWindow.axaml:735"
"XAML","Keyed","ui.world_map_players_and_bases","World Map — Players & Bases","src/MystTiq.Desktop/MainWindow.axaml:1206"
"XAML","Keyed","dashboard.worldPulse","WORLD PULSE","src/MystTiq.Desktop/MainWindow.axaml:409"
"XAML","Keyed","dashboard.worldSave","WORLD SAVE","src/MystTiq.Desktop/MainWindow.axaml:412"
"XAML","Keyed","ui.world_settings","WORLD SETTINGS","src/MystTiq.Desktop/MainWindow.axaml:1011"
"XAML","Keyed","ui.world_validator","World Validator","src/MystTiq.Desktop/MainWindow.axaml:2704"
"XAML","Keyed","ui.worlds","WORLDS","src/MystTiq.Desktop/MainWindow.axaml:720"
"XAML","Keyed","ui.your_chosen_starter_preset_was_applied_automatic_2bc476","Your chosen starter preset was applied automatically.","src/MystTiq.Desktop/MainWindow.axaml:3942"
"XAML","Keyed","ui.your_upload_speed_optional","Your upload speed (optional)","src/MystTiq.Desktop/MainWindow.axaml:3217"
"XAML","Keyed","ui.zooms_back_out_to_the_whole_map","Zooms back out to the whole map.","src/MystTiq.Desktop/MainWindow.axaml:1211"
